match_id,date,time,home_team,away_team,home_score,away_score,competition,stadium,attendance,referee,round
M0001,2021-08-14,21:00,SPF,AME,1,1,COPA,Morumbi,47261,Referee_14,27
M0002,2022-04-08,15:00,CRU,ATH,1,5,SUDA,Mineirão,13856,Referee_9,37
M0003,2021-09-03,20:00,FOR,CAM,0,2,BRA2,Castelão,40968,Referee_10,16
M0004,2021-02-15,19:00,FOR,AME,3,3,CARI,Castelão,61190,Referee_14,19
M0005,2023-08-13,16:00,INT,FLA,4,2,CARI,Beira-Rio,49719,Referee_13,2
M0006,2023-06-25,20:00,BAH,BOT,2,2,MINE,Arena Fonte Nova,14307,Referee_13,3
M0007,2020-06-23,15:00,FOR,COR,4,3,SUDA,Castelão,43749,Referee_17,33
M0008,2021-06-11,14:00,CRU,COR,1,4,GAUC,Mineirão,48722,Referee_8,21
M0009,2020-12-27,18:00,COR,CRU,4,1,BRA1,Neo Química Arena,39744,Referee_8,17
M0010,2021-11-28,16:00,GOI,SAN,0,4,SUDA,Serrinha,15330,Referee_8,6
M0011,2021-12-25,20:00,SPF,CRU,5,4,BRA2,Morumbi,54833,Referee_20,15
M0012,2021-11-16,14:00,CAM,CRU,1,4,GAUC,Mineirão,43528,Referee_20,16
M0013,2020-04-10,19:00,CAM,FLA,5,4,CARI,Mineirão,30813,Referee_16,31
M0014,2020-10-04,16:00,CAM,SAN,0,1,BRA1,Mineirão,15696,Referee_12,14
M0015,2020-08-25,16:00,BAH,CAM,0,5,RECB,Arena Fonte Nova,33702,Referee_4,6
M0016,2021-12-04,15:00,PAL,FLA,1,0,GAUC,Allianz Parque,38743,Referee_20,29
M0017,2021-03-30,14:00,VAS,FOR,5,1,PAUL,São Januário,15838,Referee_4,20
M0018,2022-04-12,21:00,RBB,FLA,2,2,LIBC,Nabi Abi Chedid,9910,Referee_15,27
M0019,2023-07-22,17:00,CUI,COR,4,5,PAUL,Arena Pantanal,27280,Referee_5,37
M0020,2023-02-22,19:00,AME,GRE,2,3,COPA,Independência,21170,Referee_10,9
M0021,2020-03-24,15:00,CEA,BOT,0,5,MINE,Castelão,62689,Referee_3,33
M0022,2021-03-02,20:00,CAM,CRU,1,0,MINE,Mineirão,11944,Referee_4,15
M0023,2022-03-02,17:00,FLU,CEA,4,0,LIBC,Maracanã,48013,Referee_10,7
M0024,2021-08-30,18:00,BOT,GRE,2,4,PAUL,Nilton Santos,20053,Referee_14,30
M0025,2020-12-19,20:00,AME,CAM,4,3,LIBC,Independência,9519,Referee_4,21
M0026,2021-04-03,19:00,INT,CUI,1,1,LIBC,Beira-Rio,42647,Referee_19,6
M0027,2022-04-13,15:00,CRU,GOI,1,3,PAUL,Mineirão,27660,Referee_15,10
M0028,2023-08-02,20:00,CRU,FLA,0,0,GAUC,Mineirão,12846,Referee_13,23
M0029,2020-12-19,15:00,BAH,SPF,2,1,MINE,Arena Fonte Nova,45042,Referee_1,28
M0030,2020-05-03,21:00,PAL,INT,5,4,COPA,Allianz Parque,7897,Referee_17,24
M0031,2023-04-14,14:00,SAN,CUI,3,3,RECB,Vila Belmiro,9571,Referee_20,20
M0032,2021-05-21,21:00,FLA,SPF,2,2,PAUL,Maracanã,29237,Referee_17,29
M0033,2020-06-07,14:00,VAS,SPF,5,1,COPA,São Januário,11009,Referee_9,33
M0034,2023-03-19,16:00,RBB,CAM,2,4,BRA1,Nabi Abi Chedid,13235,Referee_7,8
M0035,2023-08-03,14:00,AME,ATH,1,2,COPA,Independência,13376,Referee_6,28
M0036,2023-12-13,16:00,BAH,INT,0,2,COPA,Arena Fonte Nova,44472,Referee_8,13
M0037,2023-09-28,18:00,GOI,GRE,0,0,BRA2,Serrinha,10355,Referee_10,21
M0038,2020-10-27,14:00,RBB,CAM,5,2,SUDA,Nabi Abi Chedid,8596,Referee_18,27
M0039,2021-09-28,21:00,AME,VAS,1,3,BRA2,Independência,18726,Referee_8,33
M0040,2021-11-02,19:00,CRU,FOR,4,4,COPA,Mineirão,7013,Referee_17,20
M0041,2022-04-23,18:00,FLU,CRU,4,1,RECB,Maracanã,17406,Referee_9,9
M0042,2020-05-14,16:00,FOR,AME,1,5,BRA1,Castelão,12600,Referee_20,25
M0043,2020-12-28,16:00,ATH,FLA,1,0,CARI,Arena da Baixada,36251,Referee_6,30
M0044,2021-09-08,14:00,FLA,RBB,1,4,COPA,Maracanã,75448,Referee_8,31
M0045,2022-03-12,19:00,GRE,CAM,4,3,PAUL,Arena do Grêmio,5074,Referee_17,6
M0046,2021-03-08,18:00,SAN,CRU,5,0,RECB,Vila Belmiro,15777,Referee_7,17
M0047,2023-02-22,16:00,BOT,SPF,4,2,RECB,Nilton Santos,21352,Referee_11,17
M0048,2023-09-29,16:00,GOI,SPF,4,3,BRA2,Serrinha,12256,Referee_9,2
M0049,2022-08-02,15:00,FLU,COR,0,2,GAUC,Maracanã,67639,Referee_2,30
M0050,2021-11-14,16:00,ATH,FOR,3,0,PAUL,Arena da Baixada,32756,Referee_15,1
M0051,2021-02-24,15:00,FOR,VAS,5,1,BRA2,Castelão,59553,Referee_2,34
M0052,2021-10-19,17:00,BOT,FLA,2,4,PAUL,Nilton Santos,25098,Referee_1,37
M0053,2023-11-26,15:00,SPF,PAL,0,2,BRA1,Morumbi,52941,Referee_5,21
M0054,2023-02-17,14:00,GRE,BAH,5,5,MINE,Arena do Grêmio,30377,Referee_10,17
M0055,2023-06-03,14:00,FLU,BOT,4,4,COPA,Maracanã,68382,Referee_15,21
M0056,2021-05-12,17:00,AME,SPF,3,1,CARI,Independência,11202,Referee_8,5
M0057,2021-09-30,16:00,BAH,CRU,0,3,CARI,Arena Fonte Nova,11454,Referee_1,21
M0058,2020-12-07,15:00,GOI,VAS,4,2,BRA2,Serrinha,12473,Referee_3,15
M0059,2021-09-25,15:00,SAN,FLU,2,2,PAUL,Vila Belmiro,13476,Referee_17,25
M0060,2020-09-12,15:00,RBB,PAL,0,0,SUDA,Nabi Abi Chedid,8601,Referee_14,20
M0061,2023-06-17,16:00,CAM,FLU,1,2,LIBC,Mineirão,12942,Referee_10,5
M0062,2020-03-18,14:00,INT,RBB,4,3,LIBC,Beira-Rio,48065,Referee_20,31
M0063,2022-09-02,20:00,SPF,ATH,0,3,RECB,Morumbi,43331,Referee_19,20
M0064,2022-12-26,17:00,SAN,COR,0,0,BRA2,Vila Belmiro,6825,Referee_6,13
M0065,2023-04-03,14:00,SAN,AME,2,0,MINE,Vila Belmiro,12231,Referee_17,24
M0066,2023-03-13,14:00,ATH,RBB,1,1,BRA1,Arena da Baixada,24586,Referee_10,30
M0067,2022-03-22,16:00,CEA,COR,3,2,MINE,Castelão,63709,Referee_12,29
M0068,2023-09-05,15:00,ATH,FOR,1,0,SUDA,Arena da Baixada,31373,Referee_9,29
M0069,2023-09-07,16:00,CEA,AME,3,2,RECB,Castelão,32471,Referee_10,12
M0070,2021-03-25,18:00,CUI,GOI,1,5,BRA1,Arena Pantanal,18719,Referee_11,16
M0071,2020-06-25,18:00,CRU,FOR,3,4,COPA,Mineirão,45040,Referee_8,22
M0072,2023-04-05,21:00,CEA,PAL,4,2,LIBC,Castelão,37323,Referee_3,2
M0073,2021-12-21,17:00,RBB,GRE,3,0,RECB,Nabi Abi Chedid,5682,Referee_12,33
M0074,2021-09-02,15:00,SPF,CEA,5,1,PAUL,Morumbi,47511,Referee_20,28
M0075,2023-09-07,16:00,CEA,CAM,0,3,RECB,Castelão,25160,Referee_9,10
M0076,2022-12-19,19:00,VAS,FLA,4,2,LIBC,São Januário,8716,Referee_1,4
M0077,2023-04-02,16:00,FLA,CUI,1,5,LIBC,Maracanã,22911,Referee_19,25
M0078,2021-10-18,18:00,FLA,ATH,4,1,GAUC,Maracanã,37518,Referee_15,1
M0079,2023-04-01,21:00,BOT,CUI,5,1,GAUC,Nilton Santos,10639,Referee_7,15
M0080,2020-01-08,18:00,GRE,RBB,1,5,MINE,Arena do Grêmio,37946,Referee_9,4
M0081,2022-04-07,17:00,INT,VAS,2,4,PAUL,Beira-Rio,44952,Referee_13,15
M0082,2023-07-09,15:00,BOT,FLA,2,0,COPA,Nilton Santos,13960,Referee_19,21
M0083,2023-07-17,21:00,AME,SAN,4,1,PAUL,Independência,17434,Referee_19,38
M0084,2023-01-28,14:00,ATH,VAS,0,2,CARI,Arena da Baixada,31970,Referee_8,32
M0085,2022-11-03,18:00,SAN,GRE,0,5,BRA1,Vila Belmiro,6984,Referee_15,34
M0086,2020-06-12,18:00,PAL,FLA,4,1,BRA1,Allianz Parque,34387,Referee_18,10
M0087,2022-07-31,21:00,ATH,RBB,4,2,GAUC,Arena da Baixada,33770,Referee_2,3
M0088,2022-06-28,21:00,CRU,ATH,4,2,BRA1,Mineirão,29399,Referee_6,18
M0089,2022-09-15,14:00,INT,BAH,5,4,BRA2,Beira-Rio,40946,Referee_20,32
M0090,2023-12-24,16:00,SAN,BAH,3,4,PAUL,Vila Belmiro,12460,Referee_9,13
M0091,2021-03-16,15:00,VAS,FLA,0,0,LIBC,São Januário,18746,Referee_18,36
M0092,2020-08-21,19:00,GRE,VAS,1,1,BRA1,Arena do Grêmio,18960,Referee_14,34
M0093,2023-04-15,20:00,RBB,FOR,4,1,RECB,Nabi Abi Chedid,9674,Referee_5,1
M0094,2022-10-02,20:00,CAM,RBB,4,2,COPA,Mineirão,39135,Referee_12,7
M0095,2021-07-07,16:00,INT,VAS,2,1,BRA2,Beira-Rio,39757,Referee_9,6
M0096,2022-02-18,16:00,SAN,GRE,1,5,BRA1,Vila Belmiro,6223,Referee_5,2
M0097,2022-08-10,16:00,FLA,BAH,4,0,SUDA,Maracanã,28143,Referee_7,10
M0098,2023-06-15,21:00,COR,ATH,2,0,CARI,Neo Química Arena,18053,Referee_14,21
M0099,2022-10-09,19:00,CUI,CRU,0,1,GAUC,Arena Pantanal,17833,Referee_12,7
M0100,2022-11-13,16:00,INT,FOR,1,1,RECB,Beira-Rio,41786,Referee_4,2
M0101,2020-03-02,18:00,SPF,VAS,1,0,COPA,Morumbi,27373,Referee_13,10
M0102,2020-01-12,20:00,CRU,BOT,5,1,PAUL,Mineirão,8791,Referee_16,20
M0103,2021-05-29,18:00,CUI,CEA,2,3,CARI,Arena Pantanal,13583,Referee_6,22
M0104,2022-05-27,15:00,BOT,CUI,5,4,LIBC,Nilton Santos,7439,Referee_1,34
M0105,2023-10-29,21:00,COR,ATH,0,4,COPA,Neo Química Arena,7318,Referee_11,34
M0106,2021-09-30,21:00,SPF,FLU,0,1,COPA,Morumbi,54792,Referee_4,19
M0107,2022-10-08,15:00,FLA,BOT,0,3,SUDA,Maracanã,14864,Referee_13,1
M0108,2020-02-13,17:00,INT,ATH,2,3,PAUL,Beira-Rio,38651,Referee_8,2
M0109,2022-08-27,14:00,BAH,ATH,5,4,BRA2,Arena Fonte Nova,42450,Referee_4,13
M0110,2022-10-23,15:00,CUI,PAL,3,2,LIBC,Arena Pantanal,21440,Referee_14,38
M0111,2020-11-21,20:00,GOI,PAL,5,4,MINE,Serrinha,7097,Referee_5,17
M0112,2020-07-10,21:00,GOI,SAN,0,0,CARI,Serrinha,8357,Referee_14,24
M0113,2022-02-04,16:00,CRU,FLA,4,3,MINE,Mineirão,14305,Referee_14,28
M0114,2023-09-08,15:00,BOT,CRU,5,5,PAUL,Nilton Santos,33558,Referee_10,9
M0115,2020-03-05,18:00,BAH,INT,3,5,BRA2,Arena Fonte Nova,26822,Referee_17,23
M0116,2022-12-27,18:00,SPF,VAS,5,3,GAUC,Morumbi,17168,Referee_12,33
M0117,2022-01-27,21:00,CUI,INT,2,3,COPA,Arena Pantanal,32690,Referee_10,18
M0118,2021-08-19,19:00,BOT,GRE,5,0,RECB,Nilton Santos,21659,Referee_9,23
M0119,2021-12-24,17:00,BAH,FOR,1,3,LIBC,Arena Fonte Nova,10255,Referee_20,24
M0120,2021-02-02,19:00,GOI,CUI,2,1,CARI,Serrinha,11095,Referee_5,20
M0121,2022-11-15,16:00,CAM,CRU,0,4,LIBC,Mineirão,37512,Referee_17,32
M0122,2020-06-10,20:00,SAN,FOR,4,3,BRA2,Vila Belmiro,5854,Referee_7,26
M0123,2021-05-08,14:00,CUI,FLA,4,3,BRA2,Arena Pantanal,42493,Referee_18,22
M0124,2022-09-15,15:00,CUI,RBB,0,2,GAUC,Arena Pantanal,9130,Referee_18,22
M0125,2023-09-12,15:00,CUI,CEA,3,2,SUDA,Arena Pantanal,24686,Referee_8,36
M0126,2023-09-27,18:00,GRE,FLU,0,4,PAUL,Arena do Grêmio,41135,Referee_16,24
M0127,2022-04-16,16:00,COR,CAM,5,2,COPA,Neo Química Arena,24278,Referee_11,20
M0128,2021-02-26,14:00,FOR,FLA,5,4,LIBC,Castelão,55015,Referee_6,4
M0129,2021-01-27,17:00,ATH,CEA,2,3,CARI,Arena da Baixada,36099,Referee_3,20
M0130,2021-08-11,15:00,FLA,RBB,0,3,PAUL,Maracanã,25570,Referee_12,10
M0131,2020-07-05,17:00,INT,COR,2,1,MINE,Beira-Rio,46752,Referee_7,6
M0132,2023-01-12,16:00,RBB,CEA,5,5,BRA1,Nabi Abi Chedid,10326,Referee_20,19
M0133,2022-07-25,14:00,GOI,PAL,2,2,SUDA,Serrinha,8298,Referee_5,2
M0134,2020-02-23,21:00,GOI,RBB,5,2,BRA2,Serrinha,11953,Referee_7,17
M0135,2020-09-01,21:00,CUI,ATH,1,2,MINE,Arena Pantanal,9704,Referee_5,5
M0136,2022-12-28,20:00,COR,INT,1,0,LIBC,Neo Química Arena,47357,Referee_7,31
M0137,2020-05-27,21:00,FLU,BOT,3,3,PAUL,Maracanã,43642,Referee_19,7
M0138,2020-07-03,14:00,PAL,ATH,2,5,COPA,Allianz Parque,38267,Referee_9,26
M0139,2023-11-28,17:00,FOR,SPF,0,5,COPA,Castelão,11222,Referee_2,2
M0140,2021-10-21,15:00,ATH,SAN,2,3,BRA2,Arena da Baixada,7568,Referee_20,38
M0141,2022-04-15,20:00,CRU,VAS,4,2,RECB,Mineirão,14816,Referee_8,14
M0142,2021-12-20,19:00,SPF,CRU,5,4,SUDA,Morumbi,52291,Referee_5,15
M0143,2020-01-24,14:00,FLA,GRE,3,5,BRA1,Maracanã,36013,Referee_15,4
M0144,2021-05-03,16:00,BOT,CAM,3,5,PAUL,Nilton Santos,14367,Referee_9,26
M0145,2023-10-24,16:00,FLU,ATH,0,3,BRA1,Maracanã,72561,Referee_19,21
M0146,2020-04-21,14:00,BOT,SAN,0,1,BRA1,Nilton Santos,16111,Referee_2,38
M0147,2023-08-26,15:00,BAH,FLU,4,5,SUDA,Arena Fonte Nova,18386,Referee_14,13
M0148,2020-06-22,16:00,RBB,SAN,0,4,COPA,Nabi Abi Chedid,7599,Referee_12,32
M0149,2022-02-21,17:00,SAN,BAH,1,0,CARI,Vila Belmiro,10243,Referee_11,28
M0150,2020-05-19,21:00,FOR,GOI,1,4,PAUL,Castelão,59264,Referee_15,9
M0151,2023-02-08,15:00,CEA,FLA,0,4,PAUL,Castelão,42081,Referee_19,11
M0152,2022-03-22,19:00,SAN,CAM,2,0,SUDA,Vila Belmiro,6757,Referee_13,10
M0153,2021-04-16,18:00,INT,CAM,1,5,SUDA,Beira-Rio,6120,Referee_11,27
M0154,2020-05-21,15:00,INT,ATH,4,2,COPA,Beira-Rio,22077,Referee_5,7
M0155,2022-01-18,15:00,AME,CAM,1,3,CARI,Independência,13898,Referee_10,8
M0156,2021-12-08,19:00,COR,BAH,5,2,PAUL,Neo Química Arena,34365,Referee_14,15
M0157,2022-07-29,17:00,FOR,COR,5,4,SUDA,Castelão,63084,Referee_5,13
M0158,2020-01-27,17:00,ATH,SAN,1,2,BRA1,Arena da Baixada,19370,Referee_1,3
M0159,2021-12-11,14:00,RBB,CAM,3,5,LIBC,Nabi Abi Chedid,9895,Referee_3,26
M0160,2021-07-10,17:00,SAN,COR,3,4,PAUL,Vila Belmiro,12968,Referee_5,8
M0161,2021-03-10,15:00,GOI,PAL,2,0,COPA,Serrinha,14280,Referee_13,35
M0162,2020-04-12,14:00,BAH,FLA,5,4,BRA1,Arena Fonte Nova,16305,Referee_8,3
M0163,2021-05-04,18:00,PAL,FLU,4,0,BRA2,Allianz Parque,25662,Referee_1,30
M0164,2021-09-04,21:00,SAN,PAL,1,5,RECB,Vila Belmiro,5271,Referee_19,11
M0165,2020-06-19,16:00,FOR,ATH,3,1,RECB,Castelão,32879,Referee_20,5
M0166,2020-06-16,21:00,FLA,PAL,0,2,CARI,Maracanã,33427,Referee_18,35
M0167,2020-05-03,19:00,FLA,PAL,1,1,PAUL,Maracanã,55383,Referee_1,23
M0168,2022-08-30,20:00,FOR,GRE,2,2,BRA1,Castelão,9113,Referee_11,2
M0169,2022-09-24,15:00,FLU,PAL,1,2,BRA2,Maracanã,41319,Referee_7,19
M0170,2023-04-29,20:00,GRE,CRU,5,3,BRA2,Arena do Grêmio,35964,Referee_8,7
M0171,2021-10-30,21:00,RBB,CEA,3,5,SUDA,Nabi Abi Chedid,14799,Referee_11,38
M0172,2020-01-23,20:00,VAS,GRE,0,3,BRA1,São Januário,7834,Referee_3,22
M0173,2023-03-19,21:00,CEA,AME,4,5,PAUL,Castelão,40670,Referee_3,28
M0174,2022-03-02,20:00,PAL,COR,1,1,BRA2,Allianz Parque,38643,Referee_4,18
M0175,2022-12-16,18:00,FLU,CRU,4,3,RECB,Maracanã,12165,Referee_6,4
M0176,2021-06-01,15:00,INT,CAM,1,4,BRA2,Beira-Rio,23083,Referee_1,22
M0177,2020-01-11,19:00,CEA,CRU,1,4,GAUC,Castelão,33339,Referee_9,29
M0178,2022-02-27,17:00,INT,AME,1,5,MINE,Beira-Rio,39886,Referee_18,24
M0179,2022-11-12,19:00,GOI,CAM,2,1,LIBC,Serrinha,12585,Referee_13,17
M0180,2022-03-18,14:00,GOI,CRU,1,2,BRA2,Serrinha,6433,Referee_14,22
M0181,2021-03-17,20:00,INT,ATH,0,2,BRA1,Beira-Rio,30420,Referee_6,6
M0182,2020-07-22,19:00,BAH,RBB,0,4,GAUC,Arena Fonte Nova,30141,Referee_11,23
M0183,2020-01-12,20:00,SPF,COR,5,5,BRA1,Morumbi,27016,Referee_18,35
M0184,2023-12-28,18:00,COR,VAS,0,0,COPA,Neo Química Arena,47075,Referee_15,26
M0185,2023-02-18,14:00,AME,FLA,3,5,MINE,Independência,8237,Referee_7,32
M0186,2021-07-13,15:00,INT,SAN,5,1,COPA,Beira-Rio,11815,Referee_20,13
M0187,2021-05-02,17:00,ATH,CEA,3,4,RECB,Arena da Baixada,34149,Referee_19,17
M0188,2021-11-10,19:00,FOR,AME,4,0,BRA1,Castelão,45198,Referee_16,31
M0189,2020-07-12,17:00,VAS,BOT,0,2,GAUC,São Januário,11729,Referee_13,1
M0190,2020-06-16,20:00,PAL,CEA,1,2,LIBC,Allianz Parque,42409,Referee_8,19
M0191,2023-02-12,20:00,BOT,ATH,3,4,CARI,Nilton Santos,13096,Referee_5,29
M0192,2020-02-15,21:00,SPF,VAS,1,1,SUDA,Morumbi,52866,Referee_17,17
M0193,2021-10-11,19:00,SPF,ATH,2,4,BRA1,Morumbi,42040,Referee_6,32
M0194,2020-10-27,14:00,CRU,CUI,1,0,MINE,Mineirão,51472,Referee_9,2
M0195,2020-09-16,14:00,CRU,BAH,1,5,BRA1,Mineirão,44897,Referee_18,16
M0196,2021-11-17,15:00,ATH,BAH,5,2,LIBC,Arena da Baixada,15190,Referee_11,16
M0197,2021-11-11,21:00,FLU,INT,0,5,RECB,Maracanã,41846,Referee_19,14
M0198,2021-10-04,18:00,CUI,FLA,0,2,MINE,Arena Pantanal,7936,Referee_2,33
M0199,2023-06-03,16:00,VAS,FLA,0,5,BRA1,São Januário,13670,Referee_14,27
M0200,2023-06-01,19:00,INT,COR,0,0,BRA1,Beira-Rio,27309,Referee_17,14
M0201,2023-01-06,17:00,RBB,FLA,5,4,CARI,Nabi Abi Chedid,10736,Referee_17,3
M0202,2023-08-18,20:00,ATH,VAS,3,3,COPA,Arena da Baixada,38775,Referee_15,30
M0203,2022-06-29,21:00,VAS,FOR,2,5,LIBC,São Januário,8647,Referee_17,30
M0204,2021-10-11,19:00,COR,INT,3,2,SUDA,Neo Química Arena,24425,Referee_20,5
M0205,2020-08-19,20:00,ATH,CUI,1,1,GAUC,Arena da Baixada,28827,Referee_15,14
M0206,2023-11-16,17:00,CRU,PAL,2,2,BRA2,Mineirão,50636,Referee_16,25
M0207,2020-10-30,15:00,CRU,ATH,2,2,PAUL,Mineirão,48249,Referee_18,37
M0208,2020-12-15,19:00,CEA,PAL,1,0,LIBC,Castelão,21984,Referee_17,10
M0209,2022-12-11,15:00,SPF,PAL,3,5,RECB,Morumbi,19515,Referee_10,14
M0210,2021-09-13,16:00,FLA,RBB,4,5,PAUL,Maracanã,26858,Referee_13,19
M0211,2021-09-11,16:00,CUI,COR,2,0,PAUL,Arena Pantanal,7810,Referee_17,33
M0212,2020-04-18,19:00,FLU,SPF,4,5,LIBC,Maracanã,46729,Referee_9,9
M0213,2022-04-09,21:00,COR,GOI,1,4,BRA2,Neo Química Arena,15369,Referee_10,37
M0214,2022-10-13,21:00,FOR,CAM,3,4,RECB,Castelão,46434,Referee_18,27
M0215,2022-01-03,14:00,CEA,BAH,0,4,PAUL,Castelão,29465,Referee_17,37
M0216,2023-06-18,21:00,INT,COR,3,4,LIBC,Beira-Rio,24567,Referee_3,7
M0217,2022-03-23,16:00,BOT,VAS,4,3,LIBC,Nilton Santos,33383,Referee_7,15
M0218,2020-02-25,21:00,RBB,CAM,4,5,BRA1,Nabi Abi Chedid,14742,Referee_18,1
M0219,2022-12-03,14:00,VAS,FOR,5,1,COPA,São Januário,18901,Referee_9,26
M0220,2021-01-07,17:00,VAS,CEA,5,4,COPA,São Januário,18899,Referee_13,34
M0221,2022-08-14,20:00,AME,GOI,0,5,MINE,Independência,14772,Referee_7,35
M0222,2021-07-09,20:00,COR,PAL,4,5,LIBC,Neo Química Arena,5504,Referee_2,14
M0223,2022-06-30,15:00,SAN,CEA,1,5,GAUC,Vila Belmiro,13398,Referee_2,29
M0224,2021-05-01,16:00,FLU,COR,1,1,CARI,Maracanã,13817,Referee_6,29
M0225,2023-12-31,15:00,GOI,BOT,4,3,GAUC,Serrinha,12370,Referee_5,19
M0226,2022-06-25,16:00,FLU,CRU,2,2,SUDA,Maracanã,19433,Referee_3,13
M0227,2020-08-09,14:00,COR,FOR,1,4,LIBC,Neo Química Arena,40310,Referee_5,27
M0228,2022-06-18,21:00,GRE,FLA,2,5,SUDA,Arena do Grêmio,40825,Referee_17,2
M0229,2020-05-20,20:00,CEA,COR,3,1,SUDA,Castelão,62269,Referee_13,12
M0230,2022-05-21,18:00,CEA,SAN,5,2,MINE,Castelão,18787,Referee_3,5
M0231,2022-06-22,19:00,CEA,FOR,2,4,MINE,Castelão,56556,Referee_16,23
M0232,2020-02-29,21:00,RBB,CUI,4,5,MINE,Nabi Abi Chedid,14005,Referee_18,14
M0233,2020-06-11,17:00,BOT,CAM,5,1,RECB,Nilton Santos,15126,Referee_11,32
M0234,2021-07-14,14:00,PAL,ATH,4,4,COPA,Allianz Parque,14754,Referee_10,10
M0235,2021-01-02,19:00,BAH,INT,1,0,MINE,Arena Fonte Nova,26114,Referee_18,24
M0236,2020-04-30,20:00,RBB,SAN,2,0,BRA2,Nabi Abi Chedid,12218,Referee_6,35
M0237,2023-10-28,17:00,SPF,CEA,4,4,MINE,Morumbi,15284,Referee_3,2
M0238,2023-08-02,21:00,COR,CEA,5,3,GAUC,Neo Química Arena,27575,Referee_10,33
M0239,2022-05-30,15:00,RBB,PAL,0,5,BRA2,Nabi Abi Chedid,7622,Referee_7,30
M0240,2020-09-06,14:00,BAH,VAS,4,0,BRA2,Arena Fonte Nova,40791,Referee_11,31
M0241,2021-07-23,15:00,GRE,RBB,2,5,RECB,Arena do Grêmio,38873,Referee_14,17
M0242,2021-07-15,19:00,GOI,AME,4,4,LIBC,Serrinha,8345,Referee_14,37
M0243,2023-07-13,15:00,FLA,CAM,3,2,LIBC,Maracanã,56171,Referee_5,38
M0244,2022-05-04,16:00,CUI,FOR,1,5,BRA1,Arena Pantanal,17976,Referee_7,3
M0245,2022-08-21,17:00,PAL,AME,0,0,GAUC,Allianz Parque,31930,Referee_7,31
M0246,2022-02-13,18:00,FLU,CRU,0,5,LIBC,Maracanã,67888,Referee_14,11
M0247,2022-07-11,17:00,SPF,INT,0,3,COPA,Morumbi,55493,Referee_7,36
M0248,2020-10-13,18:00,SPF,FLU,2,1,MINE,Morumbi,57129,Referee_4,1
M0249,2023-12-22,18:00,BAH,FOR,1,4,RECB,Arena Fonte Nova,38905,Referee_3,32
M0250,2022-10-07,16:00,PAL,FLA,1,2,COPA,Allianz Parque,38175,Referee_17,9
M0251,2020-07-15,15:00,SPF,CUI,1,4,CARI,Morumbi,26501,Referee_3,19
M0252,2023-05-30,19:00,AME,BOT,4,5,BRA2,Independência,16967,Referee_6,38
M0253,2022-10-16,15:00,ATH,FLU,4,0,SUDA,Arena da Baixada,24121,Referee_13,9
M0254,2023-10-23,16:00,PAL,FLA,3,5,PAUL,Allianz Parque,32268,Referee_9,9
M0255,2022-07-12,16:00,SPF,BAH,1,3,LIBC,Morumbi,39386,Referee_19,28
M0256,2023-12-26,19:00,FLA,VAS,0,0,BRA1,Maracanã,13769,Referee_11,35
M0257,2020-12-24,14:00,VAS,INT,1,1,PAUL,São Januário,7004,Referee_17,31
M0258,2023-05-16,15:00,VAS,FOR,4,0,COPA,São Januário,5070,Referee_3,34
M0259,2020-11-08,20:00,FOR,VAS,3,3,BRA2,Castelão,29059,Referee_2,36
M0260,2020-09-02,19:00,FLA,COR,3,2,BRA2,Maracanã,67292,Referee_12,38
M0261,2022-05-29,20:00,RBB,GOI,0,1,LIBC,Nabi Abi Chedid,5611,Referee_17,1
M0262,2020-02-03,14:00,CEA,INT,0,3,RECB,Castelão,25623,Referee_9,4
M0263,2022-11-27,15:00,BOT,FLU,5,2,BRA1,Nilton Santos,35847,Referee_10,18
M0264,2021-09-23,21:00,FLU,CUI,1,1,PAUL,Maracanã,13494,Referee_18,11
M0265,2023-06-30,15:00,AME,GOI,3,2,PAUL,Independência,14574,Referee_12,15
M0266,2023-09-24,19:00,CAM,FOR,0,4,BRA2,Mineirão,55732,Referee_13,30
M0267,2020-01-18,16:00,BAH,AME,4,2,PAUL,Arena Fonte Nova,38147,Referee_14,32
M0268,2020-04-30,17:00,CRU,GOI,2,5,SUDA,Mineirão,61667,Referee_9,35
M0269,2021-11-12,21:00,CEA,GOI,1,0,LIBC,Castelão,33599,Referee_18,16
M0270,2022-04-13,16:00,SPF,BOT,2,0,PAUL,Morumbi,44282,Referee_13,37
M0271,2023-09-23,17:00,INT,VAS,1,4,RECB,Beira-Rio,44793,Referee_7,37
M0272,2022-12-30,18:00,RBB,INT,0,4,PAUL,Nabi Abi Chedid,12741,Referee_9,11
M0273,2020-04-09,20:00,FOR,FLU,5,5,PAUL,Castelão,48268,Referee_4,11
M0274,2021-10-03,21:00,CUI,FLA,1,4,GAUC,Arena Pantanal,11885,Referee_19,3
M0275,2020-10-18,16:00,ATH,GOI,4,3,CARI,Arena da Baixada,21697,Referee_6,27
M0276,2021-02-20,14:00,SAN,FLA,0,0,PAUL,Vila Belmiro,11163,Referee_3,9
M0277,2020-02-16,14:00,GRE,CAM,1,5,GAUC,Arena do Grêmio,16093,Referee_20,22
M0278,2023-10-05,20:00,GOI,GRE,4,0,COPA,Serrinha,8031,Referee_13,29
M0279,2023-08-31,21:00,GRE,FLU,2,0,LIBC,Arena do Grêmio,47247,Referee_11,20
M0280,2022-03-26,21:00,GRE,INT,4,1,BRA2,Arena do Grêmio,12461,Referee_6,1
M0281,2020-09-06,20:00,BAH,CRU,2,3,RECB,Arena Fonte Nova,22447,Referee_3,37
M0282,2023-02-27,21:00,BOT,SPF,4,4,MINE,Nilton Santos,26262,Referee_1,1
M0283,2023-10-30,20:00,PAL,CAM,0,0,RECB,Allianz Parque,39996,Referee_7,20
M0284,2021-05-17,16:00,GOI,COR,1,0,GAUC,Serrinha,8721,Referee_18,27
M0285,2022-07-29,18:00,FLU,CRU,3,4,CARI,Maracanã,39162,Referee_9,4
M0286,2021-05-24,15:00,CEA,BOT,5,2,COPA,Castelão,12984,Referee_15,27
M0287,2023-05-11,18:00,SPF,FLA,2,3,CARI,Morumbi,39623,Referee_2,15
M0288,2021-11-10,16:00,INT,BAH,4,4,RECB,Beira-Rio,7729,Referee_2,35
M0289,2020-11-20,19:00,FLU,INT,2,4,GAUC,Maracanã,42086,Referee_8,16
M0290,2021-06-19,21:00,FLA,GRE,5,1,BRA1,Maracanã,75085,Referee_8,21
M0291,2023-08-03,21:00,FLA,CEA,1,4,RECB,Maracanã,18615,Referee_9,11
M0292,2021-02-28,17:00,ATH,GRE,3,4,BRA2,Arena da Baixada,29019,Referee_6,30
M0293,2022-02-25,19:00,GOI,COR,1,2,GAUC,Serrinha,6743,Referee_4,29
M0294,2021-05-09,15:00,CUI,COR,5,4,BRA2,Arena Pantanal,37833,Referee_19,38
M0295,2020-09-04,15:00,CRU,SPF,5,1,SUDA,Mineirão,22876,Referee_8,23
M0296,2023-11-15,19:00,CUI,SPF,0,5,GAUC,Arena Pantanal,30605,Referee_5,6
M0297,2020-06-26,20:00,SAN,VAS,0,1,MINE,Vila Belmiro,8854,Referee_15,20
M0298,2022-05-20,14:00,CUI,FLU,3,1,CARI,Arena Pantanal,18343,Referee_9,29
M0299,2020-07-29,18:00,CRU,AME,5,3,GAUC,Mineirão,17010,Referee_7,17
M0300,2023-08-02,18:00,PAL,SPF,1,1,SUDA,Allianz Parque,12055,Referee_12,30
M0301,2022-11-09,21:00,AME,CUI,4,3,GAUC,Independência,19981,Referee_8,26
M0302,2023-01-06,15:00,FLU,RBB,1,0,COPA,Maracanã,10181,Referee_6,19
M0303,2022-04-24,18:00,FLU,GRE,1,5,MINE,Maracanã,61181,Referee_3,10
M0304,2022-12-13,14:00,CEA,BOT,1,4,PAUL,Castelão,20295,Referee_13,28
M0305,2020-01-03,20:00,GRE,FLU,2,1,RECB,Arena do Grêmio,44890,Referee_11,18
M0306,2021-12-03,14:00,FLA,BAH,0,4,PAUL,Maracanã,50291,Referee_7,15
M0307,2020-10-10,14:00,GOI,CUI,0,5,PAUL,Serrinha,9815,Referee_20,11
M0308,2020-05-13,21:00,ATH,GOI,2,4,PAUL,Arena da Baixada,25056,Referee_17,3
M0309,2020-08-28,15:00,BAH,COR,4,3,RECB,Arena Fonte Nova,24985,Referee_5,3
M0310,2020-02-06,15:00,BOT,CAM,1,5,LIBC,Nilton Santos,6375,Referee_2,5
M0311,2021-03-22,17:00,FLA,PAL,1,3,LIBC,Maracanã,74837,Referee_17,22
M0312,2022-05-07,20:00,AME,CEA,4,3,PAUL,Independência,19358,Referee_9,33
M0313,2023-02-19,19:00,AME,BOT,4,1,SUDA,Independência,14627,Referee_7,5
M0314,2022-11-30,17:00,PAL,GOI,5,3,LIBC,Allianz Parque,9588,Referee_6,14
M0315,2020-09-16,17:00,GOI,GRE,4,2,BRA1,Serrinha,6299,Referee_18,15
M0316,2023-05-24,21:00,COR,FOR,0,0,GAUC,Neo Química Arena,20879,Referee_10,26
M0317,2023-10-15,16:00,CRU,INT,0,2,LIBC,Mineirão,13222,Referee_11,15
M0318,2023-12-11,14:00,VAS,FLA,1,0,COPA,São Januário,17501,Referee_2,6
M0319,2023-05-18,18:00,SPF,INT,3,1,MINE,Morumbi,19860,Referee_11,29
M0320,2022-04-18,20:00,GOI,SAN,3,2,MINE,Serrinha,10135,Referee_5,34
M0321,2020-02-28,16:00,PAL,BOT,3,4,GAUC,Allianz Parque,18380,Referee_6,6
M0322,2020-09-30,16:00,FLA,ATH,0,2,RECB,Maracanã,72559,Referee_2,33
M0323,2023-01-20,19:00,RBB,CRU,2,5,MINE,Nabi Abi Chedid,13671,Referee_12,14
M0324,2020-09-21,16:00,GRE,PAL,3,5,GAUC,Arena do Grêmio,43985,Referee_13,24
M0325,2023-07-22,14:00,GRE,GOI,5,1,LIBC,Arena do Grêmio,36257,Referee_2,4
M0326,2022-09-17,17:00,INT,ATH,4,2,BRA1,Beira-Rio,18513,Referee_3,16
M0327,2022-11-26,14:00,AME,FLU,0,0,GAUC,Independência,12707,Referee_12,9
M0328,2021-01-06,14:00,ATH,COR,5,1,MINE,Arena da Baixada,9447,Referee_6,8
M0329,2021-02-14,14:00,SAN,VAS,1,5,GAUC,Vila Belmiro,15751,Referee_1,28
M0330,2021-12-26,18:00,CAM,SPF,2,0,BRA2,Mineirão,25877,Referee_14,33
M0331,2022-06-22,15:00,CUI,BOT,5,5,PAUL,Arena Pantanal,11878,Referee_9,38
M0332,2021-12-11,15:00,GRE,CAM,3,5,PAUL,Arena do Grêmio,28527,Referee_7,11
M0333,2021-09-22,18:00,BOT,FOR,1,1,PAUL,Nilton Santos,38712,Referee_14,30
M0334,2020-04-23,18:00,SPF,ATH,5,5,SUDA,Morumbi,46561,Referee_11,2
M0335,2021-01-08,17:00,FLU,GOI,1,3,PAUL,Maracanã,77381,Referee_7,31
M0336,2020-05-29,16:00,BOT,FLU,2,1,SUDA,Nilton Santos,22156,Referee_19,31
M0337,2023-01-29,14:00,INT,CEA,4,3,COPA,Beira-Rio,39395,Referee_5,17
M0338,2020-08-17,20:00,PAL,BOT,0,2,PAUL,Allianz Parque,12650,Referee_13,19
M0339,2023-10-12,16:00,COR,FLU,0,1,CARI,Neo Química Arena,33329,Referee_2,16
M0340,2020-11-08,16:00,FOR,INT,0,4,PAUL,Castelão,62886,Referee_11,25
M0341,2021-03-02,20:00,SAN,BAH,3,1,BRA2,Vila Belmiro,5187,Referee_8,32
M0342,2023-05-05,18:00,ATH,FLU,1,3,PAUL,Arena da Baixada,26699,Referee_13,33
M0343,2023-12-21,15:00,CRU,BAH,5,2,CARI,Mineirão,22561,Referee_11,5
M0344,2020-07-24,18:00,INT,SAN,5,0,RECB,Beira-Rio,5431,Referee_14,4
M0345,2020-11-02,19:00,CRU,CEA,5,3,MINE,Mineirão,24132,Referee_9,26
M0346,2021-10-30,20:00,FLA,SAN,0,0,SUDA,Maracanã,19973,Referee_2,18
M0347,2022-03-09,14:00,ATH,AME,0,2,COPA,Arena da Baixada,26010,Referee_2,34
M0348,2023-05-15,19:00,ATH,FOR,0,1,CARI,Arena da Baixada,12971,Referee_11,5
M0349,2021-08-18,16:00,GRE,INT,1,0,RECB,Arena do Grêmio,43996,Referee_12,27
M0350,2021-08-30,17:00,ATH,AME,5,0,RECB,Arena da Baixada,5736,Referee_5,28
M0351,2020-04-07,16:00,ATH,BOT,0,2,RECB,Arena da Baixada,33531,Referee_7,35
M0352,2021-08-08,20:00,SPF,GOI,0,3,RECB,Morumbi,51877,Referee_3,26
M0353,2023-03-06,18:00,CRU,BOT,2,5,MINE,Mineirão,30634,Referee_10,6
M0354,2020-05-26,14:00,FLU,CUI,3,0,RECB,Maracanã,32982,Referee_19,7
M0355,2022-11-22,17:00,BAH,CEA,5,5,SUDA,Arena Fonte Nova,13097,Referee_1,10
M0356,2022-12-13,16:00,CUI,FLU,2,3,MINE,Arena Pantanal,26366,Referee_6,1
M0357,2023-12-22,21:00,ATH,BAH,1,3,SUDA,Arena da Baixada,25982,Referee_1,27
M0358,2020-01-07,20:00,CEA,GRE,4,0,RECB,Castelão,26551,Referee_4,14
M0359,2023-05-30,17:00,CAM,ATH,5,0,RECB,Mineirão,29214,Referee_10,24
M0360,2022-12-31,18:00,CEA,RBB,1,1,GAUC,Castelão,54408,Referee_13,6
M0361,2023-02-26,20:00,CAM,CEA,1,5,BRA1,Mineirão,41806,Referee_20,4
M0362,2022-06-25,19:00,CEA,SAN,2,1,CARI,Castelão,45259,Referee_18,18
M0363,2020-01-18,21:00,INT,FOR,5,3,GAUC,Beira-Rio,30044,Referee_18,1
M0364,2021-07-04,18:00,SPF,GRE,3,1,RECB,Morumbi,16499,Referee_14,12
M0365,2020-04-13,17:00,CEA,GOI,0,5,COPA,Castelão,37440,Referee_19,12
M0366,2023-01-17,15:00,PAL,RBB,0,2,COPA,Allianz Parque,37225,Referee_20,33
M0367,2022-10-25,21:00,INT,COR,4,5,CARI,Beira-Rio,38105,Referee_15,23
M0368,2020-07-19,18:00,FLA,RBB,4,2,MINE,Maracanã,40450,Referee_12,7
M0369,2021-10-24,17:00,CAM,ATH,4,4,BRA1,Mineirão,53418,Referee_17,29
M0370,2022-06-07,17:00,FLA,INT,2,3,GAUC,Maracanã,18535,Referee_11,29
M0371,2022-04-13,14:00,CAM,CUI,0,2,MINE,Mineirão,56326,Referee_11,3
M0372,2020-10-22,17:00,PAL,GOI,0,2,COPA,Allianz Parque,22721,Referee_1,12
M0373,2023-05-14,17:00,SPF,VAS,2,5,BRA1,Morumbi,65527,Referee_15,28
M0374,2020-06-03,20:00,ATH,AME,4,2,CARI,Arena da Baixada,7362,Referee_11,38
M0375,2022-06-28,15:00,VAS,SAN,2,1,MINE,São Januário,16760,Referee_1,18
M0376,2022-04-03,15:00,FLU,ATH,0,4,LIBC,Maracanã,34507,Referee_10,10
M0377,2020-02-11,17:00,CAM,CUI,4,2,SUDA,Mineirão,55616,Referee_15,28
M0378,2023-01-21,17:00,CUI,CAM,5,3,GAUC,Arena Pantanal,6104,Referee_4,10
M0379,2021-09-01,16:00,CEA,CRU,5,3,RECB,Castelão,51332,Referee_5,15
M0380,2022-11-09,19:00,BOT,ATH,5,1,SUDA,Nilton Santos,41154,Referee_11,19
M0381,2020-09-25,20:00,AME,CEA,3,4,RECB,Independência,16380,Referee_7,11
M0382,2022-07-28,17:00,CUI,PAL,4,3,SUDA,Arena Pantanal,36268,Referee_14,33
M0383,2021-03-18,16:00,GOI,INT,4,5,BRA2,Serrinha,12762,Referee_5,11
M0384,2022-01-21,15:00,CUI,COR,1,4,COPA,Arena Pantanal,20534,Referee_7,22
M0385,2021-01-17,20:00,FLA,FLU,3,4,PAUL,Maracanã,40094,Referee_2,20
M0386,2022-05-13,21:00,BAH,SPF,4,5,BRA1,Arena Fonte Nova,13449,Referee_20,2
M0387,2023-05-05,20:00,GRE,FLA,1,5,PAUL,Arena do Grêmio,35485,Referee_6,10
M0388,2020-04-26,18:00,CUI,GOI,4,0,GAUC,Arena Pantanal,33490,Referee_14,21
M0389,2020-02-23,18:00,INT,VAS,4,0,COPA,Beira-Rio,19418,Referee_10,19
M0390,2020-01-17,15:00,RBB,VAS,3,2,MINE,Nabi Abi Chedid,5852,Referee_3,18
M0391,2022-01-01,21:00,COR,CRU,0,3,MINE,Neo Química Arena,38406,Referee_13,31
M0392,2020-08-29,18:00,COR,INT,0,5,LIBC,Neo Química Arena,22391,Referee_7,34
M0393,2022-09-15,15:00,CEA,FLU,0,4,PAUL,Castelão,46253,Referee_8,1
M0394,2020-04-07,16:00,CRU,GOI,5,4,CARI,Mineirão,55052,Referee_19,11
M0395,2022-12-29,16:00,SPF,CAM,3,4,LIBC,Morumbi,55520,Referee_3,2
M0396,2023-10-19,20:00,PAL,GRE,1,4,RECB,Allianz Parque,24491,Referee_15,26
M0397,2020-10-04,20:00,FLU,BOT,4,3,SUDA,Maracanã,53010,Referee_17,29
M0398,2020-08-21,20:00,RBB,GRE,0,1,BRA2,Nabi Abi Chedid,12953,Referee_17,10
M0399,2021-10-22,15:00,RBB,CAM,5,0,BRA1,Nabi Abi Chedid,13865,Referee_6,11
M0400,2020-01-20,15:00,COR,BAH,0,2,CARI,Neo Química Arena,8187,Referee_11,17
M0401,2020-07-06,14:00,ATH,CRU,1,4,MINE,Arena da Baixada,19413,Referee_4,4
M0402,2021-07-13,18:00,FOR,ATH,0,1,PAUL,Castelão,16951,Referee_18,7
M0403,2020-08-20,17:00,BOT,CEA,4,2,BRA1,Nilton Santos,29736,Referee_18,11
M0404,2022-03-03,16:00,AME,ATH,3,4,CARI,Independência,10744,Referee_2,20
M0405,2020-01-15,14:00,CEA,SAN,2,4,GAUC,Castelão,60736,Referee_15,7
M0406,2022-05-27,20:00,COR,FLU,1,4,PAUL,Neo Química Arena,17576,Referee_4,7
M0407,2022-03-29,17:00,VAS,CRU,5,0,LIBC,São Januário,20268,Referee_13,34
M0408,2023-08-13,17:00,CRU,SPF,4,1,MINE,Mineirão,28175,Referee_11,4
M0409,2023-03-12,17:00,CUI,CAM,5,4,CARI,Arena Pantanal,28887,Referee_19,27
M0410,2023-04-26,17:00,VAS,COR,4,3,COPA,São Januário,8836,Referee_13,30
M0411,2023-04-13,16:00,GRE,CUI,3,4,PAUL,Arena do Grêmio,33986,Referee_17,25
M0412,2022-08-25,20:00,CEA,GOI,5,2,SUDA,Castelão,61107,Referee_14,7
M0413,2021-08-22,19:00,CRU,FLA,3,2,RECB,Mineirão,58281,Referee_7,33
M0414,2021-07-05,17:00,ATH,BOT,3,4,MINE,Arena da Baixada,13693,Referee_8,9
M0415,2022-06-13,20:00,COR,CEA,3,2,RECB,Neo Química Arena,16824,Referee_8,17
M0416,2021-07-05,14:00,GOI,INT,2,4,PAUL,Serrinha,16014,Referee_7,23
M0417,2023-02-15,20:00,FLU,RBB,3,4,SUDA,Maracanã,21026,Referee_15,22
M0418,2022-03-29,20:00,CAM,ATH,5,4,BRA1,Mineirão,13220,Referee_18,5
M0419,2022-02-13,14:00,CEA,CUI,2,4,LIBC,Castelão,52967,Referee_2,8
M0420,2021-07-17,19:00,CEA,SPF,3,2,COPA,Castelão,56521,Referee_20,12
M0421,2020-05-11,17:00,GRE,BOT,3,0,COPA,Arena do Grêmio,55237,Referee_17,19
M0422,2022-03-08,20:00,CAM,GOI,1,1,BRA2,Mineirão,43872,Referee_1,9
M0423,2021-01-10,14:00,CRU,BAH,3,5,BRA2,Mineirão,41459,Referee_20,15
M0424,2022-08-12,16:00,SAN,BOT,2,4,RECB,Vila Belmiro,16003,Referee_11,9
M0425,2021-09-18,21:00,AME,SAN,3,0,CARI,Independência,19162,Referee_4,30
M0426,2021-01-03,16:00,FLA,AME,0,5,BRA2,Maracanã,33832,Referee_7,27
M0427,2020-08-18,17:00,AME,CUI,4,1,SUDA,Independência,14018,Referee_5,28
M0428,2022-05-31,15:00,SAN,ATH,0,1,PAUL,Vila Belmiro,13518,Referee_20,31
M0429,2023-05-16,19:00,CEA,CAM,4,3,BRA1,Castelão,9286,Referee_15,37
M0430,2021-05-05,15:00,CRU,ATH,3,3,MINE,Mineirão,6823,Referee_16,16
M0431,2020-10-20,14:00,FLU,CUI,5,2,BRA1,Maracanã,24060,Referee_18,17
M0432,2023-08-29,14:00,CEA,AME,4,1,CARI,Castelão,18360,Referee_4,35
M0433,2021-03-01,16:00,CRU,SAN,0,5,RECB,Mineirão,33380,Referee_8,21
M0434,2020-08-24,14:00,COR,FLU,1,5,LIBC,Neo Química Arena,23159,Referee_11,6
M0435,2023-04-23,17:00,FLU,ATH,1,3,PAUL,Maracanã,45114,Referee_9,36
M0436,2023-05-12,16:00,AME,SPF,5,0,LIBC,Independência,22790,Referee_13,33
M0437,2021-07-17,15:00,SAN,ATH,0,0,MINE,Vila Belmiro,16047,Referee_5,22
M0438,2021-07-13,17:00,ATH,GRE,5,2,PAUL,Arena da Baixada,35278,Referee_13,15
M0439,2020-06-26,15:00,SAN,CEA,1,1,BRA1,Vila Belmiro,10086,Referee_10,23
M0440,2020-11-17,16:00,SPF,COR,1,2,BRA2,Morumbi,26609,Referee_7,30
M0441,2022-10-20,17:00,FLA,SPF,1,3,BRA2,Maracanã,74445,Referee_7,21
M0442,2020-03-29,14:00,FOR,CAM,3,5,BRA1,Castelão,58152,Referee_19,5
M0443,2021-03-02,17:00,CRU,PAL,2,2,CARI,Mineirão,35479,Referee_11,14
M0444,2020-05-29,19:00,FOR,PAL,5,5,RECB,Castelão,12850,Referee_8,25
M0445,2023-06-17,21:00,INT,FOR,0,1,MINE,Beira-Rio,26584,Referee_8,13
M0446,2020-11-14,18:00,AME,CAM,3,1,SUDA,Independência,20266,Referee_11,23
M0447,2023-08-26,16:00,BAH,FOR,2,1,PAUL,Arena Fonte Nova,10140,Referee_2,26
M0448,2020-05-03,18:00,PAL,SAN,2,1,LIBC,Allianz Parque,9823,Referee_12,32
M0449,2021-09-28,15:00,FLA,SAN,5,2,MINE,Maracanã,56706,Referee_13,16
M0450,2022-06-09,18:00,FLA,INT,5,3,CARI,Maracanã,44088,Referee_6,10
M0451,2021-11-02,14:00,GOI,SPF,0,4,RECB,Serrinha,14654,Referee_15,16
M0452,2022-09-25,14:00,COR,SAN,3,4,BRA1,Neo Química Arena,19883,Referee_13,7
M0453,2020-08-17,19:00,BAH,GOI,5,3,CARI,Arena Fonte Nova,23672,Referee_4,34
M0454,2023-11-01,18:00,CAM,CUI,1,3,CARI,Mineirão,6746,Referee_13,18
M0455,2021-07-19,20:00,CUI,VAS,0,4,BRA2,Arena Pantanal,29002,Referee_13,25
M0456,2023-01-31,19:00,FOR,INT,5,5,BRA1,Castelão,38247,Referee_12,20
M0457,2023-07-13,17:00,CRU,BAH,0,0,BRA1,Mineirão,59803,Referee_8,37
M0458,2020-08-09,20:00,GOI,PAL,4,1,GAUC,Serrinha,11944,Referee_7,10
M0459,2023-05-25,16:00,RBB,ATH,4,0,CARI,Nabi Abi Chedid,11314,Referee_18,28
M0460,2020-01-06,17:00,GRE,INT,4,0,LIBC,Arena do Grêmio,48900,Referee_5,8
M0461,2022-10-02,20:00,SAN,BOT,3,4,COPA,Vila Belmiro,13986,Referee_3,10
M0462,2021-03-10,21:00,CEA,CAM,1,3,GAUC,Castelão,35520,Referee_5,5
M0463,2020-12-20,16:00,FLU,CUI,1,3,BRA1,Maracanã,76590,Referee_4,2
M0464,2021-02-06,18:00,COR,FLA,3,1,GAUC,Neo Química Arena,32098,Referee_9,5
M0465,2020-04-23,21:00,AME,SPF,0,4,BRA2,Independência,6203,Referee_2,31
M0466,2022-12-22,20:00,CAM,FLA,1,4,COPA,Mineirão,45605,Referee_20,28
M0467,2022-02-28,17:00,FLA,FOR,4,3,BRA2,Maracanã,72534,Referee_15,11
M0468,2023-05-10,21:00,CUI,CEA,5,2,CARI,Arena Pantanal,31244,Referee_4,22
M0469,2021-01-18,16:00,FLA,PAL,2,5,BRA2,Maracanã,8028,Referee_13,17
M0470,2023-02-06,14:00,CUI,SPF,1,4,PAUL,Arena Pantanal,38364,Referee_19,9
M0471,2020-03-04,19:00,VAS,COR,4,2,BRA2,São Januário,19525,Referee_5,30
M0472,2021-06-15,16:00,FOR,ATH,3,1,BRA2,Castelão,41009,Referee_18,8
M0473,2022-04-02,15:00,SAN,GOI,4,1,MINE,Vila Belmiro,8813,Referee_20,36
M0474,2020-03-14,19:00,PAL,SAN,0,0,CARI,Allianz Parque,31090,Referee_9,21
M0475,2022-01-22,17:00,BOT,FLU,5,5,CARI,Nilton Santos,18711,Referee_19,34
M0476,2020-04-21,16:00,CRU,BAH,5,4,LIBC,Mineirão,43657,Referee_16,10
M0477,2021-09-29,20:00,RBB,FLA,1,1,GAUC,Nabi Abi Chedid,9816,Referee_8,29
M0478,2020-01-06,19:00,CEA,BAH,5,1,MINE,Castelão,9219,Referee_15,14
M0479,2021-02-13,18:00,SAN,FOR,2,3,PAUL,Vila Belmiro,12941,Referee_17,3
M0480,2020-01-15,15:00,CAM,FLU,2,3,GAUC,Mineirão,20384,Referee_2,8
M0481,2022-12-24,19:00,FLU,CUI,1,2,BRA1,Maracanã,7220,Referee_10,13
M0482,2021-05-03,18:00,AME,GOI,1,3,PAUL,Independência,21383,Referee_10,9
M0483,2020-03-20,15:00,FLA,FOR,3,4,BRA2,Maracanã,5076,Referee_1,9
M0484,2023-04-23,17:00,SAN,BAH,3,3,LIBC,Vila Belmiro,5343,Referee_13,27
M0485,2020-06-25,19:00,FLU,GRE,0,1,LIBC,Maracanã,20327,Referee_18,9
M0486,2022-08-31,19:00,AME,CAM,4,2,COPA,Independência,21802,Referee_5,26
M0487,2021-01-30,15:00,BAH,RBB,4,1,CARI,Arena Fonte Nova,17123,Referee_6,7
M0488,2021-05-09,18:00,CRU,ATH,3,3,MINE,Mineirão,19668,Referee_20,18
M0489,2022-09-24,15:00,INT,RBB,4,4,RECB,Beira-Rio,39104,Referee_2,32
M0490,2022-07-01,14:00,BOT,SAN,4,2,BRA2,Nilton Santos,18359,Referee_14,37
M0491,2023-04-19,19:00,GOI,RBB,5,1,SUDA,Serrinha,15736,Referee_14,21
M0492,2021-04-03,14:00,ATH,CEA,3,0,BRA2,Arena da Baixada,32468,Referee_16,8
M0493,2020-01-18,20:00,CAM,BAH,5,4,PAUL,Mineirão,58798,Referee_20,9
M0494,2021-01-24,19:00,CUI,AME,4,0,SUDA,Arena Pantanal,8430,Referee_3,31
M0495,2021-10-15,14:00,SAN,SPF,2,1,PAUL,Vila Belmiro,12646,Referee_2,25
M0496,2020-04-12,19:00,VAS,FOR,4,1,COPA,São Januário,20986,Referee_11,21
M0497,2022-02-15,16:00,INT,FLU,1,3,BRA1,Beira-Rio,43506,Referee_14,25
M0498,2020-02-12,14:00,FLA,CEA,4,0,BRA2,Maracanã,42513,Referee_14,16
M0499,2021-03-21,18:00,VAS,SAN,2,2,MINE,São Januário,8265,Referee_13,19
M0500,2021-12-07,21:00,CAM,FLA,3,5,PAUL,Mineirão,52393,Referee_11,31
M0501,2021-04-09,14:00,BOT,CRU,2,2,GAUC,Nilton Santos,43603,Referee_14,12
M0502,2020-02-07,17:00,AME,RBB,2,5,BRA1,Independência,18131,Referee_9,24
M0503,2022-07-06,21:00,AME,SAN,3,3,CARI,Independência,18608,Referee_5,4
M0504,2022-04-07,15:00,RBB,PAL,5,2,PAUL,Nabi Abi Chedid,5730,Referee_7,26
M0505,2020-10-16,20:00,CAM,VAS,1,3,BRA1,Mineirão,34393,Referee_7,27
M0506,2023-11-07,19:00,AME,CUI,5,2,LIBC,Independência,6628,Referee_3,30
M0507,2023-02-19,19:00,CEA,AME,2,2,PAUL,Castelão,54014,Referee_14,15
M0508,2021-11-26,17:00,FOR,COR,4,4,GAUC,Castelão,14171,Referee_8,30
M0509,2023-04-11,18:00,CAM,BOT,1,1,LIBC,Mineirão,38277,Referee_3,20
M0510,2022-07-27,18:00,CRU,FLU,0,3,SUDA,Mineirão,57522,Referee_11,37
M0511,2021-12-18,14:00,ATH,GOI,0,5,BRA2,Arena da Baixada,8538,Referee_6,31
M0512,2022-07-22,16:00,CUI,SPF,3,1,SUDA,Arena Pantanal,10777,Referee_16,6
M0513,2020-01-25,16:00,INT,CEA,1,2,CARI,Beira-Rio,42598,Referee_12,15
M0514,2023-12-26,17:00,CUI,CEA,1,5,GAUC,Arena Pantanal,10505,Referee_19,29
M0515,2021-07-26,20:00,CUI,VAS,4,5,COPA,Arena Pantanal,21515,Referee_10,26
M0516,2020-07-18,14:00,AME,SPF,1,2,BRA2,Independência,16076,Referee_5,37
M0517,2023-01-03,18:00,FLA,CEA,4,0,PAUL,Maracanã,24983,Referee_13,14
M0518,2020-12-23,14:00,CUI,SAN,0,3,PAUL,Arena Pantanal,21189,Referee_3,31
M0519,2023-08-29,21:00,CEA,FOR,1,3,MINE,Castelão,11250,Referee_13,20
M0520,2023-02-19,20:00,FLU,VAS,2,0,GAUC,Maracanã,75332,Referee_3,34
M0521,2023-01-10,18:00,BOT,PAL,2,3,SUDA,Nilton Santos,21969,Referee_9,38
M0522,2023-10-05,14:00,CRU,FLA,0,2,GAUC,Mineirão,48414,Referee_8,14
M0523,2022-12-18,17:00,CAM,BAH,3,2,BRA2,Mineirão,60630,Referee_18,14
M0524,2020-12-30,17:00,AME,CRU,4,5,PAUL,Independência,19275,Referee_16,21
M0525,2023-04-02,15:00,COR,BAH,5,0,BRA1,Neo Química Arena,15768,Referee_5,7
M0526,2022-02-27,20:00,BAH,INT,2,3,CARI,Arena Fonte Nova,45749,Referee_15,18
M0527,2023-05-11,14:00,RBB,AME,5,3,BRA1,Nabi Abi Chedid,6468,Referee_5,11
M0528,2021-07-03,19:00,BAH,SAN,0,3,BRA1,Arena Fonte Nova,18878,Referee_10,38
M0529,2020-06-07,17:00,FLU,BOT,1,4,COPA,Maracanã,39694,Referee_11,34
M0530,2023-03-18,16:00,VAS,INT,1,5,SUDA,São Januário,17226,Referee_11,12
M0531,2023-12-15,15:00,GOI,FLA,3,0,PAUL,Serrinha,14302,Referee_17,38
M0532,2020-12-21,14:00,GRE,PAL,0,2,PAUL,Arena do Grêmio,48190,Referee_3,14
M0533,2022-08-06,17:00,CAM,SPF,0,0,COPA,Mineirão,53456,Referee_16,9
M0534,2023-01-28,14:00,BOT,RBB,3,2,SUDA,Nilton Santos,18624,Referee_9,14
M0535,2021-01-24,17:00,SPF,CRU,3,4,PAUL,Morumbi,5523,Referee_10,27
M0536,2022-02-01,21:00,GRE,SAN,3,5,CARI,Arena do Grêmio,17603,Referee_7,6
M0537,2020-07-09,15:00,RBB,SPF,5,3,BRA1,Nabi Abi Chedid,11931,Referee_14,14
M0538,2020-08-03,21:00,FLA,CUI,0,3,SUDA,Maracanã,29008,Referee_8,15
M0539,2020-11-30,17:00,BOT,FLA,3,4,BRA1,Nilton Santos,15487,Referee_19,10
M0540,2022-12-11,14:00,FLU,CRU,2,2,COPA,Maracanã,68215,Referee_12,21
M0541,2022-03-01,17:00,CUI,BAH,2,1,BRA1,Arena Pantanal,38308,Referee_14,4
M0542,2020-05-01,16:00,VAS,FLA,1,4,BRA2,São Januário,12641,Referee_16,28
M0543,2020-05-01,15:00,CUI,ATH,5,1,LIBC,Arena Pantanal,21169,Referee_8,1
M0544,2020-06-20,16:00,CUI,COR,1,3,CARI,Arena Pantanal,5369,Referee_18,12
M0545,2021-05-27,16:00,CEA,GOI,0,5,RECB,Castelão,61866,Referee_2,35
M0546,2023-12-21,17:00,VAS,COR,4,1,PAUL,São Januário,13992,Referee_3,28
M0547,2020-05-20,16:00,SPF,SAN,3,4,COPA,Morumbi,14252,Referee_2,38
M0548,2020-11-28,19:00,FLA,FOR,1,4,RECB,Maracanã,66289,Referee_8,37
M0549,2022-09-19,14:00,BAH,COR,5,3,BRA2,Arena Fonte Nova,15947,Referee_12,7
M0550,2022-12-11,14:00,VAS,FLU,2,0,COPA,São Januário,6410,Referee_10,2
M0551,2021-10-03,15:00,CRU,GRE,5,4,PAUL,Mineirão,13414,Referee_5,10
M0552,2020-10-25,18:00,FLU,FOR,5,4,BRA2,Maracanã,32330,Referee_1,25
M0553,2020-12-25,14:00,CEA,INT,5,1,CARI,Castelão,56589,Referee_2,8
M0554,2023-07-21,14:00,BAH,CEA,3,2,BRA1,Arena Fonte Nova,19094,Referee_20,19
M0555,2022-08-02,21:00,AME,PAL,4,3,COPA,Independência,11147,Referee_11,5
M0556,2020-04-08,16:00,COR,BOT,2,0,GAUC,Neo Química Arena,27568,Referee_20,11
M0557,2022-01-03,20:00,BAH,CEA,5,0,PAUL,Arena Fonte Nova,8915,Referee_16,13
M0558,2021-02-14,15:00,PAL,CUI,4,3,PAUL,Allianz Parque,23713,Referee_20,7
M0559,2021-04-22,15:00,CEA,INT,0,5,SUDA,Castelão,49193,Referee_19,38
M0560,2022-11-05,19:00,COR,CAM,0,4,SUDA,Neo Química Arena,17733,Referee_5,10
M0561,2021-05-24,18:00,BOT,BAH,1,3,BRA2,Nilton Santos,39910,Referee_12,22
M0562,2021-07-14,20:00,RBB,SPF,5,2,CARI,Nabi Abi Chedid,13144,Referee_11,17
M0563,2020-02-06,14:00,ATH,FOR,5,4,RECB,Arena da Baixada,38179,Referee_10,9
M0564,2022-06-03,18:00,RBB,INT,1,0,SUDA,Nabi Abi Chedid,10265,Referee_2,16
M0565,2023-04-18,19:00,GOI,INT,2,0,PAUL,Serrinha,5769,Referee_2,12
M0566,2020-01-02,16:00,CUI,COR,3,5,CARI,Arena Pantanal,21053,Referee_18,25
M0567,2022-02-17,19:00,CUI,GRE,2,5,BRA1,Arena Pantanal,31362,Referee_17,21
M0568,2020-12-17,14:00,FLU,GRE,0,5,COPA,Maracanã,24241,Referee_7,26
M0569,2022-09-02,18:00,GRE,PAL,1,5,MINE,Arena do Grêmio,16236,Referee_17,2
M0570,2020-04-17,18:00,SAN,CAM,2,1,CARI,Vila Belmiro,8452,Referee_1,29
M0571,2022-12-04,16:00,CUI,CRU,1,0,LIBC,Arena Pantanal,19717,Referee_11,25
M0572,2022-04-27,16:00,RBB,FOR,4,2,RECB,Nabi Abi Chedid,12702,Referee_3,14
M0573,2022-09-02,19:00,VAS,INT,5,2,PAUL,São Januário,8917,Referee_10,11
M0574,2022-10-15,20:00,COR,CAM,5,1,BRA1,Neo Química Arena,14776,Referee_19,4
M0575,2023-03-31,16:00,FOR,CEA,0,1,PAUL,Castelão,35003,Referee_12,3
M0576,2021-09-22,16:00,PAL,FOR,3,2,COPA,Allianz Parque,7010,Referee_7,27
M0577,2023-03-28,16:00,ATH,SAN,0,4,GAUC,Arena da Baixada,18547,Referee_13,32
M0578,2023-08-04,16:00,AME,CUI,0,5,SUDA,Independência,16205,Referee_3,29
M0579,2020-10-30,16:00,FOR,GOI,2,0,SUDA,Castelão,59916,Referee_10,8
M0580,2023-01-11,20:00,FLU,ATH,3,1,LIBC,Maracanã,43346,Referee_1,19
M0581,2022-02-20,18:00,PAL,GOI,1,1,LIBC,Allianz Parque,5736,Referee_17,15
M0582,2020-09-09,21:00,CUI,CAM,2,5,PAUL,Arena Pantanal,31464,Referee_10,17
M0583,2023-04-23,21:00,CRU,CAM,1,0,RECB,Mineirão,32678,Referee_20,30
M0584,2020-09-20,18:00,FOR,CAM,0,0,SUDA,Castelão,28876,Referee_8,20
M0585,2020-03-03,14:00,CAM,FOR,2,1,COPA,Mineirão,56752,Referee_18,38
M0586,2020-04-21,14:00,CRU,VAS,2,3,COPA,Mineirão,48638,Referee_7,10
M0587,2020-07-30,19:00,RBB,SAN,1,5,PAUL,Nabi Abi Chedid,6070,Referee_17,25
M0588,2023-02-10,21:00,GOI,INT,1,1,COPA,Serrinha,6198,Referee_7,29
M0589,2021-04-30,16:00,FOR,INT,1,4,CARI,Castelão,10734,Referee_5,18
M0590,2022-12-04,15:00,CRU,COR,5,5,COPA,Mineirão,31029,Referee_6,15
M0591,2022-06-22,18:00,FLU,SAN,0,3,SUDA,Maracanã,30492,Referee_20,5
M0592,2022-05-05,20:00,CAM,CUI,4,4,GAUC,Mineirão,46966,Referee_18,36
M0593,2022-08-11,19:00,PAL,VAS,5,1,CARI,Allianz Parque,8115,Referee_6,11
M0594,2022-06-22,17:00,CEA,CUI,3,2,RECB,Castelão,55915,Referee_9,9
M0595,2023-04-19,20:00,ATH,PAL,1,4,MINE,Arena da Baixada,37241,Referee_13,1
M0596,2020-12-29,21:00,SAN,CEA,1,4,MINE,Vila Belmiro,8927,Referee_2,6
M0597,2022-12-21,16:00,CEA,FLA,2,4,GAUC,Castelão,38105,Referee_14,11
M0598,2022-08-08,19:00,INT,FLU,0,2,RECB,Beira-Rio,32758,Referee_11,9
M0599,2020-01-11,21:00,CUI,FLA,3,2,SUDA,Arena Pantanal,40279,Referee_15,35
M0600,2021-12-03,20:00,GRE,INT,2,1,MINE,Arena do Grêmio,49287,Referee_8,22
M0601,2020-01-27,18:00,GRE,FOR,0,1,CARI,Arena do Grêmio,24442,Referee_12,35
M0602,2020-07-12,18:00,GOI,VAS,0,1,SUDA,Serrinha,5506,Referee_5,15
M0603,2022-04-19,16:00,CRU,ATH,1,1,SUDA,Mineirão,56705,Referee_19,31
M0604,2020-10-09,16:00,PAL,GRE,0,1,GAUC,Allianz Parque,13732,Referee_1,2
M0605,2022-01-28,18:00,INT,GRE,0,3,CARI,Beira-Rio,32884,Referee_7,30
M0606,2020-02-25,17:00,COR,BAH,1,3,BRA1,Neo Química Arena,36533,Referee_15,14
M0607,2020-05-24,16:00,ATH,AME,3,5,MINE,Arena da Baixada,21940,Referee_1,27
M0608,2020-10-04,16:00,CAM,BAH,5,0,BRA1,Mineirão,56121,Referee_20,6
M0609,2022-12-15,14:00,CRU,INT,4,3,SUDA,Mineirão,44665,Referee_16,37
M0610,2021-10-05,21:00,BAH,SPF,3,3,BRA2,Arena Fonte Nova,27310,Referee_10,17
M0611,2021-03-28,15:00,COR,FOR,1,1,SUDA,Neo Química Arena,14708,Referee_4,26
M0612,2023-12-20,21:00,AME,BAH,3,0,GAUC,Independência,17808,Referee_16,5
M0613,2021-03-05,21:00,INT,CRU,0,1,SUDA,Beira-Rio,29257,Referee_13,7
M0614,2021-03-23,16:00,INT,CRU,2,4,SUDA,Beira-Rio,12517,Referee_1,38
M0615,2021-12-23,17:00,BAH,SAN,2,1,COPA,Arena Fonte Nova,9675,Referee_1,11
M0616,2023-12-02,20:00,GRE,RBB,4,3,BRA2,Arena do Grêmio,16647,Referee_12,12
M0617,2021-04-26,20:00,ATH,CRU,3,5,MINE,Arena da Baixada,18735,Referee_19,14
M0618,2021-11-22,20:00,PAL,CEA,0,5,COPA,Allianz Parque,6570,Referee_1,5
M0619,2020-07-03,21:00,VAS,BOT,4,0,COPA,São Januário,13676,Referee_9,23
M0620,2020-07-28,14:00,SPF,FOR,3,1,BRA1,Morumbi,40232,Referee_3,35
M0621,2021-12-01,18:00,ATH,CEA,4,3,GAUC,Arena da Baixada,30418,Referee_7,17
M0622,2020-08-20,18:00,CUI,FLU,3,1,LIBC,Arena Pantanal,16599,Referee_9,2
M0623,2021-01-20,17:00,AME,BAH,5,2,BRA1,Independência,10235,Referee_14,33
M0624,2022-06-28,18:00,SPF,CAM,0,5,LIBC,Morumbi,57050,Referee_7,16
M0625,2020-07-07,16:00,ATH,CEA,3,1,GAUC,Arena da Baixada,9839,Referee_9,18
M0626,2020-04-26,17:00,FOR,CRU,2,0,COPA,Castelão,37136,Referee_13,3
M0627,2023-07-04,21:00,COR,FLA,4,4,GAUC,Neo Química Arena,18460,Referee_4,29
M0628,2023-04-10,16:00,CEA,FLU,1,4,COPA,Castelão,7199,Referee_7,15
M0629,2020-11-12,18:00,FOR,CAM,3,2,MINE,Castelão,42203,Referee_15,32
M0630,2022-10-28,21:00,INT,FLA,4,2,CARI,Beira-Rio,43966,Referee_3,22
M0631,2020-12-07,17:00,SPF,BAH,4,4,RECB,Morumbi,55467,Referee_3,31
M0632,2022-09-08,15:00,INT,FLA,5,2,SUDA,Beira-Rio,22557,Referee_3,7
M0633,2022-01-14,18:00,PAL,FLA,1,1,LIBC,Allianz Parque,23883,Referee_11,8
M0634,2023-09-04,16:00,SPF,PAL,1,2,PAUL,Morumbi,47496,Referee_4,36
M0635,2021-09-10,19:00,CAM,CRU,0,5,BRA2,Mineirão,48433,Referee_4,3
M0636,2021-12-14,20:00,FLU,FOR,5,3,BRA2,Maracanã,53923,Referee_6,37
M0637,2020-07-09,15:00,ATH,GOI,1,0,CARI,Arena da Baixada,35630,Referee_17,33
M0638,2021-09-05,16:00,GRE,INT,1,3,RECB,Arena do Grêmio,44171,Referee_2,10
M0639,2021-08-02,16:00,ATH,BAH,2,5,PAUL,Arena da Baixada,36613,Referee_12,35
M0640,2020-09-08,18:00,COR,FOR,5,4,SUDA,Neo Química Arena,46872,Referee_16,25
M0641,2021-08-21,16:00,CRU,CUI,0,3,COPA,Mineirão,15533,Referee_20,29
M0642,2021-05-27,21:00,GOI,FLU,1,5,GAUC,Serrinha,10424,Referee_14,20
M0643,2022-01-17,14:00,FLU,GOI,2,4,CARI,Maracanã,66590,Referee_13,19
M0644,2023-03-14,17:00,GOI,CRU,1,2,GAUC,Serrinha,5782,Referee_3,21
M0645,2021-02-20,14:00,ATH,SPF,4,0,BRA2,Arena da Baixada,27492,Referee_20,12
M0646,2020-09-05,21:00,CUI,ATH,1,5,RECB,Arena Pantanal,10679,Referee_8,9
M0647,2023-05-14,19:00,BOT,VAS,0,4,BRA1,Nilton Santos,22438,Referee_2,12
M0648,2021-08-14,18:00,FLA,FLU,4,2,CARI,Maracanã,12411,Referee_3,1
M0649,2020-04-16,19:00,VAS,BAH,3,5,SUDA,São Januário,5737,Referee_20,11
M0650,2021-05-18,20:00,AME,PAL,0,5,RECB,Independência,18698,Referee_5,24
M0651,2023-11-17,15:00,FLA,CRU,4,0,MINE,Maracanã,19008,Referee_17,14
M0652,2023-10-26,14:00,GOI,CEA,4,2,LIBC,Serrinha,12666,Referee_13,1
M0653,2021-02-16,19:00,CRU,SAN,4,3,SUDA,Mineirão,22839,Referee_3,35
M0654,2023-03-05,14:00,BAH,FLA,3,1,BRA1,Arena Fonte Nova,5512,Referee_12,16
M0655,2023-01-01,16:00,GOI,CAM,5,1,GAUC,Serrinha,12016,Referee_11,22
M0656,2021-04-09,20:00,INT,FLA,4,1,BRA2,Beira-Rio,22919,Referee_10,15
M0657,2021-09-18,19:00,SAN,RBB,5,4,BRA1,Vila Belmiro,11934,Referee_10,22
M0658,2023-02-20,16:00,PAL,SPF,5,4,MINE,Allianz Parque,15685,Referee_20,15
M0659,2021-04-19,18:00,FOR,SAN,0,5,RECB,Castelão,14951,Referee_15,24
M0660,2023-02-07,20:00,BAH,SPF,4,2,MINE,Arena Fonte Nova,36263,Referee_14,34
M0661,2020-07-28,20:00,FOR,SAN,1,0,RECB,Castelão,44696,Referee_9,35
M0662,2021-12-22,19:00,CRU,ATH,0,5,RECB,Mineirão,16937,Referee_13,18
M0663,2020-05-10,21:00,FLA,SAN,0,3,GAUC,Maracanã,63428,Referee_8,12
M0664,2020-05-14,19:00,CAM,RBB,3,4,BRA1,Mineirão,32410,Referee_18,13
M0665,2022-05-27,21:00,INT,ATH,0,2,BRA1,Beira-Rio,47580,Referee_5,9
M0666,2022-05-08,15:00,ATH,CAM,4,1,COPA,Arena da Baixada,32239,Referee_6,11
M0667,2021-02-01,21:00,BOT,CAM,5,4,BRA1,Nilton Santos,6686,Referee_3,8
M0668,2023-09-29,14:00,INT,GOI,4,3,RECB,Beira-Rio,18079,Referee_12,30
M0669,2023-08-09,14:00,AME,FLU,0,5,GAUC,Independência,21653,Referee_6,5
M0670,2022-05-11,18:00,GOI,FLA,5,4,LIBC,Serrinha,7977,Referee_17,16
M0671,2020-10-04,14:00,SAN,BOT,4,1,RECB,Vila Belmiro,14648,Referee_15,7
M0672,2020-11-01,14:00,AME,VAS,2,4,BRA2,Independência,12616,Referee_10,27
M0673,2023-01-24,20:00,CRU,RBB,0,4,RECB,Mineirão,36708,Referee_4,21
M0674,2021-04-29,18:00,INT,GRE,5,4,RECB,Beira-Rio,14033,Referee_17,17
M0675,2022-12-03,20:00,CEA,ATH,0,5,GAUC,Castelão,5206,Referee_15,37
M0676,2022-05-27,14:00,CAM,COR,2,2,BRA1,Mineirão,30744,Referee_5,26
M0677,2021-04-25,18:00,SPF,INT,2,1,SUDA,Morumbi,26734,Referee_3,7
M0678,2022-10-22,16:00,INT,FLU,5,4,COPA,Beira-Rio,25942,Referee_14,28
M0679,2021-02-17,14:00,GRE,CUI,4,0,BRA1,Arena do Grêmio,42337,Referee_1,12
M0680,2023-06-05,18:00,CRU,SPF,3,4,BRA2,Mineirão,11651,Referee_3,38
M0681,2023-07-17,21:00,FOR,RBB,5,0,BRA1,Castelão,34998,Referee_3,16
M0682,2022-05-06,14:00,VAS,RBB,5,5,PAUL,São Januário,17485,Referee_5,17
M0683,2022-11-17,18:00,RBB,FLU,4,3,RECB,Nabi Abi Chedid,11286,Referee_20,23
M0684,2022-11-28,19:00,BOT,COR,4,2,MINE,Nilton Santos,18227,Referee_10,14
M0685,2021-12-09,19:00,FOR,INT,0,5,PAUL,Castelão,12702,Referee_3,18
M0686,2020-02-29,14:00,RBB,BAH,1,1,CARI,Nabi Abi Chedid,6645,Referee_19,38
M0687,2020-05-21,21:00,FLU,RBB,4,2,BRA2,Maracanã,63847,Referee_16,27
M0688,2022-05-01,15:00,CEA,GRE,0,5,COPA,Castelão,25879,Referee_9,10
M0689,2022-04-24,21:00,VAS,INT,4,4,COPA,São Januário,10368,Referee_4,25
M0690,2022-05-04,20:00,COR,VAS,0,5,MINE,Neo Química Arena,10499,Referee_16,20
M0691,2020-02-11,16:00,ATH,VAS,0,5,PAUL,Arena da Baixada,17402,Referee_12,1
M0692,2023-02-24,20:00,GRE,CUI,5,0,PAUL,Arena do Grêmio,30871,Referee_12,12
M0693,2020-03-26,19:00,RBB,ATH,5,0,RECB,Nabi Abi Chedid,5000,Referee_10,32
M0694,2023-04-07,15:00,AME,VAS,0,1,LIBC,Independência,20264,Referee_6,29
M0695,2021-12-25,20:00,SAN,CUI,1,4,RECB,Vila Belmiro,9304,Referee_9,30
M0696,2023-12-17,14:00,SAN,GOI,5,3,SUDA,Vila Belmiro,7233,Referee_17,13
M0697,2020-05-03,20:00,AME,BOT,1,3,MINE,Independência,5239,Referee_4,31
M0698,2020-12-25,15:00,FLA,GOI,2,0,RECB,Maracanã,44932,Referee_12,21
M0699,2021-03-02,14:00,AME,CUI,4,0,SUDA,Independência,8011,Referee_8,18
M0700,2020-06-27,21:00,CUI,BOT,5,3,CARI,Arena Pantanal,38390,Referee_8,37
M0701,2020-03-30,14:00,SPF,FLA,0,1,SUDA,Morumbi,48409,Referee_2,8
M0702,2021-03-13,19:00,AME,SAN,0,2,MINE,Independência,13114,Referee_2,24
M0703,2020-08-28,18:00,AME,BOT,5,4,MINE,Independência,12322,Referee_16,1
M0704,2023-12-16,15:00,FLA,CRU,1,0,BRA1,Maracanã,17349,Referee_18,22
M0705,2023-01-31,15:00,ATH,GOI,0,3,LIBC,Arena da Baixada,14683,Referee_2,8
M0706,2022-04-18,19:00,INT,CAM,4,0,BRA2,Beira-Rio,32827,Referee_9,14
M0707,2021-11-24,14:00,SAN,CRU,1,2,BRA2,Vila Belmiro,9636,Referee_3,22
M0708,2023-01-06,18:00,ATH,RBB,2,0,COPA,Arena da Baixada,25621,Referee_12,38
M0709,2020-01-23,15:00,CEA,COR,3,4,LIBC,Castelão,39315,Referee_17,26
M0710,2020-03-18,21:00,CEA,SPF,3,2,RECB,Castelão,32809,Referee_17,7
M0711,2023-11-23,17:00,PAL,CAM,0,0,COPA,Allianz Parque,30383,Referee_16,29
M0712,2021-08-13,21:00,GRE,AME,0,5,RECB,Arena do Grêmio,18508,Referee_4,28
M0713,2020-11-18,20:00,SPF,CUI,0,4,PAUL,Morumbi,11033,Referee_4,25
M0714,2020-01-27,15:00,CEA,AME,2,1,BRA1,Castelão,21413,Referee_2,29
M0715,2022-02-01,20:00,GRE,SAN,4,4,COPA,Arena do Grêmio,35206,Referee_11,19
M0716,2023-08-10,15:00,FLU,RBB,2,1,CARI,Maracanã,52705,Referee_13,32
M0717,2022-07-16,19:00,INT,SPF,4,4,GAUC,Beira-Rio,35621,Referee_19,23
M0718,2021-10-15,20:00,ATH,BAH,5,1,PAUL,Arena da Baixada,41994,Referee_7,33
M0719,2022-04-27,15:00,VAS,GRE,4,1,BRA1,São Januário,19370,Referee_19,2
M0720,2020-03-16,21:00,COR,BAH,3,2,RECB,Neo Química Arena,48525,Referee_4,29
M0721,2021-05-23,14:00,GOI,CAM,2,5,MINE,Serrinha,11022,Referee_9,13
M0722,2020-03-24,19:00,GRE,RBB,2,0,MINE,Arena do Grêmio,21077,Referee_16,37
M0723,2020-05-09,15:00,SPF,AME,2,1,SUDA,Morumbi,14308,Referee_12,8
M0724,2022-02-17,19:00,AME,FLA,1,5,CARI,Independência,18852,Referee_14,27
M0725,2023-06-30,16:00,AME,CAM,5,5,LIBC,Independência,18883,Referee_8,33
M0726,2020-05-05,18:00,BOT,BAH,2,2,COPA,Nilton Santos,43244,Referee_16,37
M0727,2020-05-06,14:00,SPF,CEA,5,5,COPA,Morumbi,10436,Referee_4,26
M0728,2022-05-29,18:00,CRU,VAS,2,4,COPA,Mineirão,39169,Referee_7,30
M0729,2021-05-05,15:00,ATH,CAM,4,1,RECB,Arena da Baixada,11852,Referee_18,28
M0730,2020-10-21,20:00,FLU,CRU,1,2,BRA1,Maracanã,32607,Referee_9,16
M0731,2020-11-11,19:00,ATH,GRE,1,0,CARI,Arena da Baixada,15847,Referee_8,6
M0732,2020-03-18,20:00,ATH,FLA,3,4,PAUL,Arena da Baixada,12851,Referee_13,1
M0733,2023-02-02,19:00,BOT,FOR,1,1,LIBC,Nilton Santos,42840,Referee_2,15
M0734,2023-08-28,21:00,GRE,FLU,5,2,RECB,Arena do Grêmio,28034,Referee_4,3
M0735,2023-07-22,19:00,CRU,FOR,4,0,SUDA,Mineirão,56672,Referee_19,17
M0736,2022-08-08,21:00,BAH,CEA,0,5,COPA,Arena Fonte Nova,8642,Referee_6,10
M0737,2021-10-17,20:00,BAH,PAL,4,0,PAUL,Arena Fonte Nova,21195,Referee_11,16
M0738,2021-08-16,17:00,ATH,FLU,4,0,COPA,Arena da Baixada,37674,Referee_16,21
M0739,2021-04-26,19:00,ATH,BOT,3,1,SUDA,Arena da Baixada,26758,Referee_12,21
M0740,2023-05-05,15:00,FLA,VAS,5,4,RECB,Maracanã,58221,Referee_18,9
M0741,2022-01-04,17:00,FOR,CEA,1,5,RECB,Castelão,39651,Referee_7,28
M0742,2022-11-20,15:00,INT,AME,4,0,CARI,Beira-Rio,43299,Referee_2,20
M0743,2022-06-12,15:00,BOT,CUI,2,2,LIBC,Nilton Santos,22632,Referee_16,12
M0744,2020-01-28,17:00,CRU,INT,1,1,LIBC,Mineirão,33262,Referee_8,29
M0745,2022-06-18,14:00,ATH,PAL,1,2,PAUL,Arena da Baixada,33811,Referee_12,16
M0746,2022-01-23,21:00,PAL,FLA,2,1,SUDA,Allianz Parque,9277,Referee_17,28
M0747,2020-01-24,18:00,FLU,ATH,1,1,RECB,Maracanã,76342,Referee_14,7
M0748,2021-07-22,21:00,CRU,FOR,3,1,MINE,Mineirão,36590,Referee_19,31
M0749,2023-01-30,16:00,CEA,CAM,0,5,GAUC,Castelão,55942,Referee_20,16
M0750,2022-08-01,14:00,AME,CRU,2,2,COPA,Independência,13202,Referee_19,19
M0751,2023-08-07,19:00,PAL,FLU,5,0,GAUC,Allianz Parque,19969,Referee_3,22
M0752,2020-12-14,16:00,GOI,BOT,4,2,RECB,Serrinha,8763,Referee_14,13
M0753,2022-09-04,15:00,BOT,INT,2,4,BRA1,Nilton Santos,24266,Referee_3,38
M0754,2023-04-05,16:00,CRU,FLA,4,4,COPA,Mineirão,55555,Referee_20,10
M0755,2023-10-12,19:00,CEA,CUI,5,1,SUDA,Castelão,46239,Referee_14,28
M0756,2021-02-02,19:00,CAM,VAS,5,3,CARI,Mineirão,57507,Referee_14,34
M0757,2022-04-06,18:00,FOR,INT,1,3,CARI,Castelão,32965,Referee_13,16
M0758,2021-02-20,20:00,CUI,FOR,0,5,MINE,Arena Pantanal,36036,Referee_19,14
M0759,2022-08-27,17:00,CRU,CUI,4,2,CARI,Mineirão,17216,Referee_3,30
M0760,2021-10-11,20:00,INT,AME,0,5,CARI,Beira-Rio,24828,Referee_13,6
M0761,2023-04-02,19:00,RBB,INT,0,1,MINE,Nabi Abi Chedid,12177,Referee_11,35
M0762,2023-11-05,18:00,FLU,CUI,2,2,MINE,Maracanã,39924,Referee_19,17
M0763,2023-08-04,16:00,AME,ATH,3,1,LIBC,Independência,7225,Referee_4,10
M0764,2022-08-24,21:00,SAN,FOR,3,0,BRA2,Vila Belmiro,14391,Referee_4,33
M0765,2022-08-29,18:00,CEA,SPF,3,0,LIBC,Castelão,22657,Referee_7,23
M0766,2021-05-24,21:00,GOI,FLA,5,5,CARI,Serrinha,16341,Referee_18,1
M0767,2020-06-21,20:00,FLA,FLU,4,3,LIBC,Maracanã,58884,Referee_12,26
M0768,2020-09-28,21:00,COR,BOT,4,1,CARI,Neo Química Arena,26159,Referee_13,11
M0769,2022-04-07,15:00,FLU,GOI,3,0,LIBC,Maracanã,71397,Referee_3,12
M0770,2022-09-16,19:00,GRE,CEA,0,5,GAUC,Arena do Grêmio,23578,Referee_4,24
M0771,2022-05-05,15:00,CAM,GRE,0,4,SUDA,Mineirão,20263,Referee_5,23
M0772,2021-09-20,17:00,CAM,INT,3,4,COPA,Mineirão,49136,Referee_14,33
M0773,2020-03-24,21:00,PAL,GOI,2,2,BRA1,Allianz Parque,26397,Referee_3,1
M0774,2023-08-21,15:00,GRE,RBB,0,3,PAUL,Arena do Grêmio,38977,Referee_13,5
M0775,2020-02-03,15:00,FOR,SPF,1,5,COPA,Castelão,23056,Referee_16,21
M0776,2023-11-04,21:00,VAS,PAL,2,3,BRA2,São Januário,18767,Referee_4,37
M0777,2023-05-25,20:00,CUI,GRE,0,1,GAUC,Arena Pantanal,9245,Referee_20,24
M0778,2020-08-15,15:00,BOT,COR,4,2,CARI,Nilton Santos,39112,Referee_15,13
M0779,2021-02-02,16:00,FLU,CUI,1,1,RECB,Maracanã,60594,Referee_2,37
M0780,2023-07-16,19:00,SAN,FLA,3,1,BRA1,Vila Belmiro,6793,Referee_6,36
M0781,2023-10-31,14:00,CUI,BOT,2,2,RECB,Arena Pantanal,43144,Referee_6,33
M0782,2020-03-24,18:00,RBB,VAS,3,0,CARI,Nabi Abi Chedid,7832,Referee_5,5
M0783,2021-03-21,20:00,SPF,CEA,3,3,RECB,Morumbi,48877,Referee_7,19
M0784,2023-02-20,14:00,CUI,INT,5,4,COPA,Arena Pantanal,36318,Referee_7,33
M0785,2020-09-16,20:00,CAM,ATH,4,4,PAUL,Mineirão,15604,Referee_7,24
M0786,2020-01-25,17:00,AME,CAM,1,4,MINE,Independência,19375,Referee_8,26
M0787,2022-01-22,17:00,RBB,FLA,4,5,GAUC,Nabi Abi Chedid,6699,Referee_15,23
M0788,2023-03-12,15:00,ATH,BOT,1,3,RECB,Arena da Baixada,15956,Referee_19,8
M0789,2023-06-12,16:00,BOT,ATH,2,0,BRA1,Nilton Santos,27171,Referee_20,16
M0790,2023-09-09,18:00,CRU,SAN,3,2,COPA,Mineirão,19679,Referee_5,12
M0791,2021-08-07,18:00,PAL,RBB,3,3,SUDA,Allianz Parque,31662,Referee_15,33
M0792,2023-05-19,20:00,CAM,CUI,4,2,LIBC,Mineirão,60218,Referee_13,32
M0793,2022-12-31,16:00,FOR,SAN,2,3,LIBC,Castelão,27757,Referee_4,16
M0794,2021-09-21,18:00,CEA,INT,4,2,RECB,Castelão,25929,Referee_20,34
M0795,2021-07-23,15:00,CUI,ATH,1,0,CARI,Arena Pantanal,21742,Referee_19,27
M0796,2021-11-22,19:00,GRE,GOI,3,2,BRA1,Arena do Grêmio,12073,Referee_15,24
M0797,2022-06-18,19:00,CAM,CUI,2,0,SUDA,Mineirão,38927,Referee_7,8
M0798,2023-01-27,20:00,AME,CRU,0,1,PAUL,Independência,9744,Referee_2,32
M0799,2023-04-07,16:00,AME,ATH,3,5,CARI,Independência,20933,Referee_6,27
M0800,2022-08-19,20:00,CEA,SAN,4,1,BRA2,Castelão,28466,Referee_6,2
M0801,2021-08-28,21:00,PAL,VAS,0,3,PAUL,Allianz Parque,16811,Referee_5,4
M0802,2020-02-21,19:00,CAM,PAL,1,0,SUDA,Mineirão,15770,Referee_12,33
M0803,2022-06-13,15:00,RBB,AME,2,5,MINE,Nabi Abi Chedid,14384,Referee_2,28
M0804,2020-04-01,20:00,GRE,INT,1,1,COPA,Arena do Grêmio,36702,Referee_20,25
M0805,2021-02-04,15:00,FLU,FLA,3,2,COPA,Maracanã,40022,Referee_6,16
M0806,2021-03-13,20:00,AME,GRE,1,0,LIBC,Independência,8375,Referee_15,31
M0807,2022-02-11,18:00,FLU,CEA,5,0,COPA,Maracanã,55077,Referee_15,35
M0808,2023-07-02,20:00,GOI,BOT,4,3,MINE,Serrinha,6491,Referee_8,9
M0809,2023-08-13,17:00,GRE,PAL,3,0,SUDA,Arena do Grêmio,8247,Referee_6,14
M0810,2023-08-27,16:00,CEA,PAL,3,1,BRA1,Castelão,9630,Referee_5,1
M0811,2022-05-22,16:00,COR,AME,5,2,PAUL,Neo Química Arena,8231,Referee_10,10
M0812,2023-01-07,15:00,FLU,FLA,2,2,COPA,Maracanã,76499,Referee_10,24
M0813,2021-01-22,19:00,CAM,PAL,5,5,MINE,Mineirão,37750,Referee_14,11
M0814,2023-02-08,20:00,GRE,VAS,4,3,BRA1,Arena do Grêmio,21457,Referee_19,36
M0815,2023-11-05,20:00,FOR,RBB,0,2,SUDA,Castelão,30569,Referee_6,15
M0816,2022-02-08,14:00,CEA,CAM,3,2,BRA2,Castelão,46154,Referee_4,12
M0817,2020-12-16,18:00,GRE,INT,4,1,PAUL,Arena do Grêmio,7633,Referee_12,32
M0818,2021-11-07,19:00,SPF,FLU,0,5,SUDA,Morumbi,46164,Referee_11,22
M0819,2020-09-17,14:00,AME,CAM,2,5,SUDA,Independência,9503,Referee_11,4
M0820,2020-12-18,21:00,BAH,COR,0,0,BRA1,Arena Fonte Nova,19749,Referee_7,11
M0821,2021-11-11,19:00,AME,SAN,2,0,BRA2,Independência,12699,Referee_6,26
M0822,2020-08-12,14:00,RBB,CRU,2,4,PAUL,Nabi Abi Chedid,11258,Referee_9,25
M0823,2022-06-04,18:00,BOT,COR,1,5,MINE,Nilton Santos,10204,Referee_18,20
M0824,2023-07-25,17:00,CAM,CUI,0,5,SUDA,Mineirão,10251,Referee_4,6
M0825,2023-02-03,18:00,CUI,BAH,1,5,COPA,Arena Pantanal,42295,Referee_20,15
M0826,2021-12-14,17:00,CEA,RBB,1,5,PAUL,Castelão,26692,Referee_12,4
M0827,2020-08-23,16:00,CRU,PAL,1,0,GAUC,Mineirão,58661,Referee_18,4
M0828,2021-07-02,21:00,RBB,BAH,1,1,PAUL,Nabi Abi Chedid,11052,Referee_13,18
M0829,2023-05-23,20:00,GOI,PAL,3,1,MINE,Serrinha,12465,Referee_11,14
M0830,2023-12-10,15:00,CAM,VAS,1,1,CARI,Mineirão,56695,Referee_6,2
M0831,2020-10-09,21:00,CEA,SAN,5,3,GAUC,Castelão,30434,Referee_7,25
M0832,2020-03-12,18:00,FOR,GRE,1,5,SUDA,Castelão,27687,Referee_19,35
M0833,2023-01-10,21:00,GRE,ATH,5,2,LIBC,Arena do Grêmio,9697,Referee_18,35
M0834,2021-09-07,21:00,FLA,FOR,2,2,SUDA,Maracanã,18933,Referee_4,6
M0835,2022-07-31,19:00,VAS,GOI,3,0,LIBC,São Januário,16943,Referee_19,8
M0836,2022-07-13,20:00,FLU,INT,3,2,COPA,Maracanã,71330,Referee_13,11
M0837,2021-07-24,14:00,GOI,CEA,4,5,SUDA,Serrinha,13888,Referee_7,24
M0838,2021-10-09,16:00,CUI,BAH,2,0,RECB,Arena Pantanal,17236,Referee_19,27
M0839,2022-06-03,16:00,PAL,SPF,1,2,BRA1,Allianz Parque,43362,Referee_3,32
M0840,2022-08-09,14:00,CRU,CAM,3,5,SUDA,Mineirão,13930,Referee_11,2
M0841,2020-12-15,14:00,COR,CEA,1,5,MINE,Neo Química Arena,38723,Referee_6,17
M0842,2020-09-22,15:00,CAM,FLU,3,4,PAUL,Mineirão,42284,Referee_8,14
M0843,2022-12-21,18:00,CAM,SAN,0,2,RECB,Mineirão,27261,Referee_16,24
M0844,2022-10-29,20:00,ATH,CAM,0,0,SUDA,Arena da Baixada,32474,Referee_14,31
M0845,2020-04-23,15:00,FLA,ATH,2,0,BRA2,Maracanã,78270,Referee_20,35
M0846,2022-02-21,14:00,FLA,PAL,5,0,MINE,Maracanã,62187,Referee_16,5
M0847,2021-08-14,17:00,PAL,CUI,2,0,COPA,Allianz Parque,13700,Referee_11,9
M0848,2021-10-14,21:00,RBB,GRE,3,1,SUDA,Nabi Abi Chedid,7185,Referee_10,1
M0849,2020-02-06,20:00,CEA,BAH,4,5,SUDA,Castelão,37259,Referee_7,35
M0850,2022-07-04,16:00,CRU,ATH,5,1,COPA,Mineirão,26587,Referee_16,18
M0851,2021-04-12,17:00,GOI,BOT,4,5,BRA2,Serrinha,8957,Referee_8,10
M0852,2022-07-08,15:00,CEA,BAH,4,1,LIBC,Castelão,53995,Referee_16,35
M0853,2022-03-14,15:00,SPF,COR,2,2,CARI,Morumbi,58532,Referee_17,31
M0854,2022-09-14,15:00,PAL,CEA,5,0,CARI,Allianz Parque,32401,Referee_8,30
M0855,2022-01-28,18:00,CRU,ATH,4,1,CARI,Mineirão,17212,Referee_7,13
M0856,2020-08-08,17:00,CEA,FLU,1,5,GAUC,Castelão,45769,Referee_13,33
M0857,2022-02-12,14:00,VAS,SAN,5,4,RECB,São Januário,5419,Referee_4,2
M0858,2021-10-30,17:00,FLA,CUI,3,4,SUDA,Maracanã,57958,Referee_16,34
M0859,2021-11-18,18:00,BAH,VAS,3,3,CARI,Arena Fonte Nova,29830,Referee_12,33
M0860,2022-07-03,20:00,CRU,INT,5,5,CARI,Mineirão,34369,Referee_20,13
M0861,2020-01-07,17:00,RBB,AME,2,5,COPA,Nabi Abi Chedid,7275,Referee_6,35
M0862,2020-08-21,16:00,GRE,SPF,2,1,GAUC,Arena do Grêmio,37545,Referee_18,3
M0863,2020-10-24,20:00,GRE,FLU,3,5,MINE,Arena do Grêmio,47818,Referee_10,11
M0864,2023-06-27,17:00,ATH,FLU,1,5,COPA,Arena da Baixada,9062,Referee_20,3
M0865,2023-12-28,20:00,FOR,VAS,3,3,LIBC,Castelão,8375,Referee_20,10
M0866,2021-05-18,16:00,FOR,BOT,5,2,SUDA,Castelão,22169,Referee_1,25
M0867,2021-04-15,16:00,SPF,COR,2,4,BRA1,Morumbi,24386,Referee_20,31
M0868,2022-02-08,18:00,RBB,SPF,0,3,MINE,Nabi Abi Chedid,14177,Referee_15,31
M0869,2020-12-22,14:00,GOI,CAM,2,1,CARI,Serrinha,11015,Referee_6,28
M0870,2023-11-13,16:00,SAN,GRE,1,1,PAUL,Vila Belmiro,6433,Referee_15,13
M0871,2021-12-20,19:00,CRU,AME,5,4,PAUL,Mineirão,21035,Referee_3,9
M0872,2023-08-17,21:00,BOT,FLA,0,4,SUDA,Nilton Santos,31735,Referee_19,1
M0873,2022-12-08,15:00,VAS,SAN,4,4,MINE,São Januário,8460,Referee_14,15
M0874,2021-01-13,18:00,PAL,VAS,4,2,SUDA,Allianz Parque,18661,Referee_3,32
M0875,2023-08-09,17:00,CUI,RBB,1,0,MINE,Arena Pantanal,39262,Referee_14,12
M0876,2021-01-20,15:00,INT,CEA,5,3,COPA,Beira-Rio,6590,Referee_5,35
M0877,2020-11-05,20:00,SPF,COR,4,3,LIBC,Morumbi,21037,Referee_4,36
M0878,2020-09-03,19:00,FLU,SPF,0,2,PAUL,Maracanã,26259,Referee_14,11
M0879,2021-07-19,21:00,CAM,VAS,4,4,SUDA,Mineirão,20849,Referee_17,14
M0880,2020-03-21,15:00,GRE,FLU,5,2,LIBC,Arena do Grêmio,29396,Referee_6,26
M0881,2020-09-04,19:00,CRU,SPF,4,4,BRA2,Mineirão,51830,Referee_10,31
M0882,2023-02-01,16:00,VAS,CRU,1,4,SUDA,São Januário,12020,Referee_11,1
M0883,2021-04-17,17:00,CRU,ATH,5,1,COPA,Mineirão,53851,Referee_8,19
M0884,2023-06-18,16:00,GRE,GOI,3,1,PAUL,Arena do Grêmio,44121,Referee_14,24
M0885,2020-07-20,15:00,CUI,AME,1,0,RECB,Arena Pantanal,6153,Referee_8,33
M0886,2021-06-03,14:00,PAL,FLU,1,5,MINE,Allianz Parque,8305,Referee_2,5
M0887,2022-03-17,17:00,PAL,SAN,1,1,LIBC,Allianz Parque,38291,Referee_13,17
M0888,2021-11-14,16:00,CAM,ATH,3,0,LIBC,Mineirão,57615,Referee_12,29
M0889,2020-09-16,18:00,SAN,PAL,5,2,BRA2,Vila Belmiro,8428,Referee_10,7
M0890,2022-04-15,19:00,VAS,AME,0,1,SUDA,São Januário,11513,Referee_17,6
M0891,2023-05-25,14:00,BAH,CEA,5,5,PAUL,Arena Fonte Nova,42533,Referee_5,8
M0892,2022-08-23,21:00,BOT,CAM,3,5,COPA,Nilton Santos,27975,Referee_13,1
M0893,2020-04-10,18:00,INT,SPF,5,5,PAUL,Beira-Rio,8789,Referee_10,23
M0894,2022-04-21,17:00,AME,CAM,0,1,SUDA,Independência,6913,Referee_18,31
M0895,2022-05-13,20:00,GRE,CAM,5,5,COPA,Arena do Grêmio,5106,Referee_15,20
M0896,2022-01-30,19:00,SAN,BOT,4,1,BRA1,Vila Belmiro,9167,Referee_18,21
M0897,2022-10-08,21:00,SPF,INT,5,5,BRA2,Morumbi,15528,Referee_7,5
M0898,2022-08-12,18:00,PAL,GOI,3,5,CARI,Allianz Parque,9167,Referee_3,25
M0899,2023-02-11,21:00,PAL,FOR,4,0,RECB,Allianz Parque,13955,Referee_18,20
M0900,2022-08-03,14:00,FLA,GRE,2,4,GAUC,Maracanã,57802,Referee_3,29
M0901,2021-09-08,15:00,CAM,GOI,0,3,LIBC,Mineirão,48814,Referee_1,2
M0902,2021-09-27,15:00,PAL,VAS,3,5,BRA2,Allianz Parque,11506,Referee_3,26
M0903,2023-04-16,19:00,ATH,FLA,3,1,CARI,Arena da Baixada,18354,Referee_13,37
M0904,2022-08-26,15:00,CUI,CEA,1,4,MINE,Arena Pantanal,35941,Referee_4,6
M0905,2022-01-27,17:00,FOR,BOT,1,3,MINE,Castelão,14573,Referee_18,30
M0906,2020-03-21,14:00,COR,CUI,4,0,GAUC,Neo Química Arena,35964,Referee_4,12
M0907,2023-11-08,21:00,INT,GOI,4,5,COPA,Beira-Rio,40600,Referee_4,23
M0908,2020-11-07,19:00,COR,BOT,3,1,COPA,Neo Química Arena,21093,Referee_19,29
M0909,2022-07-09,16:00,FOR,AME,5,2,BRA2,Castelão,15364,Referee_4,37
M0910,2022-08-31,19:00,FLA,GOI,2,0,GAUC,Maracanã,73147,Referee_9,3
M0911,2020-09-21,19:00,RBB,PAL,2,3,MINE,Nabi Abi Chedid,5750,Referee_4,37
M0912,2021-07-04,17:00,INT,FLA,4,5,PAUL,Beira-Rio,14026,Referee_1,4
M0913,2020-05-31,14:00,BAH,SAN,0,5,RECB,Arena Fonte Nova,10473,Referee_7,16
M0914,2021-10-31,15:00,SPF,PAL,1,0,RECB,Morumbi,12724,Referee_11,3
M0915,2020-02-14,16:00,FLA,RBB,2,3,MINE,Maracanã,36498,Referee_17,8
M0916,2020-12-13,19:00,CAM,BAH,5,0,SUDA,Mineirão,6099,Referee_12,1
M0917,2022-02-04,19:00,FOR,FLA,2,0,BRA1,Castelão,59550,Referee_8,10
M0918,2022-12-25,16:00,PAL,COR,4,5,SUDA,Allianz Parque,6840,Referee_3,5
M0919,2022-01-15,16:00,CEA,SAN,5,1,MINE,Castelão,6750,Referee_7,13
M0920,2021-01-08,18:00,CRU,INT,3,3,CARI,Mineirão,14733,Referee_2,30
M0921,2020-02-17,15:00,BAH,CAM,4,0,GAUC,Arena Fonte Nova,21187,Referee_11,13
M0922,2020-03-09,17:00,SPF,FLA,1,3,BRA2,Morumbi,52237,Referee_10,30
M0923,2021-11-28,16:00,CAM,RBB,4,2,GAUC,Mineirão,60106,Referee_20,13
M0924,2021-08-23,15:00,GOI,BAH,1,1,SUDA,Serrinha,15534,Referee_12,7
M0925,2022-03-24,15:00,CEA,ATH,2,4,CARI,Castelão,33626,Referee_19,3
M0926,2023-06-03,19:00,SAN,COR,2,4,BRA1,Vila Belmiro,10369,Referee_11,38
M0927,2021-07-13,21:00,CAM,CUI,1,4,COPA,Mineirão,33746,Referee_16,13
M0928,2021-10-14,16:00,SPF,FLA,4,4,LIBC,Morumbi,53011,Referee_3,15
M0929,2022-03-23,15:00,BOT,VAS,4,2,BRA2,Nilton Santos,5975,Referee_19,37
M0930,2022-01-02,16:00,FLA,BAH,4,0,CARI,Maracanã,75605,Referee_14,1
M0931,2023-01-14,16:00,GRE,CRU,5,1,LIBC,Arena do Grêmio,52066,Referee_12,10
M0932,2020-05-08,19:00,CUI,SAN,4,1,BRA1,Arena Pantanal,35964,Referee_6,9
M0933,2023-06-22,21:00,CAM,INT,4,1,CARI,Mineirão,22613,Referee_15,19
M0934,2023-04-10,17:00,FLU,PAL,3,1,GAUC,Maracanã,13572,Referee_1,34
M0935,2022-02-18,18:00,FOR,CEA,0,1,PAUL,Castelão,54864,Referee_8,14
M0936,2020-05-26,15:00,GRE,CUI,4,3,LIBC,Arena do Grêmio,19975,Referee_11,4
M0937,2020-05-12,19:00,ATH,CUI,3,0,RECB,Arena da Baixada,13183,Referee_4,23
M0938,2021-06-06,17:00,ATH,BOT,4,2,MINE,Arena da Baixada,29718,Referee_11,6
M0939,2020-11-28,21:00,CEA,CUI,5,4,RECB,Castelão,39977,Referee_5,12
M0940,2021-06-15,17:00,VAS,SPF,0,1,MINE,São Januário,16600,Referee_16,3
M0941,2020-11-18,20:00,FOR,RBB,0,5,SUDA,Castelão,55259,Referee_7,22
M0942,2022-04-13,20:00,FLU,FOR,4,3,LIBC,Maracanã,12769,Referee_2,2
M0943,2023-07-31,18:00,SPF,GRE,4,5,LIBC,Morumbi,12059,Referee_14,7
M0944,2021-12-25,19:00,INT,CAM,2,0,RECB,Beira-Rio,15370,Referee_5,5
M0945,2020-09-16,16:00,INT,SAN,1,0,SUDA,Beira-Rio,22522,Referee_3,32
M0946,2022-01-14,16:00,VAS,BOT,1,1,RECB,São Januário,19309,Referee_15,28
M0947,2023-10-06,18:00,CRU,CEA,4,0,LIBC,Mineirão,14338,Referee_16,1
M0948,2020-01-14,18:00,BOT,GOI,4,0,PAUL,Nilton Santos,25045,Referee_5,29
M0949,2020-08-20,14:00,BOT,PAL,1,0,PAUL,Nilton Santos,43456,Referee_9,37
M0950,2023-10-10,17:00,RBB,GOI,0,0,RECB,Nabi Abi Chedid,8185,Referee_18,24
M0951,2020-03-18,14:00,CEA,CUI,2,1,GAUC,Castelão,13892,Referee_13,20
M0952,2020-03-27,16:00,SPF,INT,0,2,PAUL,Morumbi,39504,Referee_7,4
M0953,2021-05-05,20:00,BOT,CAM,4,1,LIBC,Nilton Santos,10330,Referee_20,25
M0954,2020-12-19,21:00,INT,CUI,0,2,BRA2,Beira-Rio,36373,Referee_14,26
M0955,2021-09-19,17:00,FOR,INT,1,1,CARI,Castelão,26947,Referee_6,21
M0956,2020-07-19,21:00,SPF,CEA,0,5,RECB,Morumbi,24421,Referee_10,13
M0957,2022-07-19,15:00,PAL,VAS,3,3,RECB,Allianz Parque,20775,Referee_10,25
M0958,2023-09-10,15:00,GOI,CAM,2,2,GAUC,Serrinha,7776,Referee_10,3
M0959,2021-05-26,21:00,FLA,INT,1,1,CARI,Maracanã,62875,Referee_13,25
M0960,2023-06-15,16:00,GRE,CRU,2,1,GAUC,Arena do Grêmio,8579,Referee_17,19
M0961,2023-12-18,21:00,GRE,CEA,1,3,RECB,Arena do Grêmio,10526,Referee_2,35
M0962,2022-11-05,19:00,RBB,PAL,1,5,RECB,Nabi Abi Chedid,13636,Referee_7,5
M0963,2020-09-08,19:00,FOR,RBB,1,4,BRA2,Castelão,19293,Referee_19,6
M0964,2020-01-20,18:00,SPF,ATH,2,3,RECB,Morumbi,39571,Referee_6,20
M0965,2023-04-13,20:00,CRU,PAL,2,4,GAUC,Mineirão,15809,Referee_16,21
M0966,2022-05-12,16:00,VAS,RBB,3,4,BRA1,São Januário,11180,Referee_20,12
M0967,2021-08-21,17:00,FLA,VAS,2,1,BRA1,Maracanã,30466,Referee_10,22
M0968,2023-11-10,18:00,VAS,COR,1,1,BRA2,São Januário,9812,Referee_16,12
M0969,2022-12-21,16:00,PAL,RBB,4,4,RECB,Allianz Parque,14863,Referee_11,25
M0970,2021-09-12,14:00,SAN,COR,2,5,SUDA,Vila Belmiro,6412,Referee_5,7
M0971,2022-06-13,20:00,BOT,BAH,2,2,COPA,Nilton Santos,17543,Referee_20,2
M0972,2021-11-05,17:00,BOT,INT,2,1,RECB,Nilton Santos,40451,Referee_8,13
M0973,2023-01-23,15:00,SPF,SAN,0,5,BRA2,Morumbi,6856,Referee_6,38
M0974,2022-10-01,15:00,FLU,CEA,0,4,PAUL,Maracanã,38591,Referee_6,16
M0975,2021-03-17,15:00,GOI,FOR,1,2,COPA,Serrinha,11995,Referee_20,32
M0976,2021-09-10,15:00,VAS,CUI,3,0,RECB,São Januário,13579,Referee_9,36
M0977,2021-02-28,14:00,COR,CUI,0,4,GAUC,Neo Química Arena,28149,Referee_14,37
M0978,2023-02-28,19:00,VAS,AME,5,0,GAUC,São Januário,18741,Referee_12,24
M0979,2022-01-02,17:00,INT,FOR,0,5,BRA1,Beira-Rio,7597,Referee_5,10
M0980,2021-10-23,14:00,INT,FLA,4,2,GAUC,Beira-Rio,42607,Referee_16,29
M0981,2023-11-15,15:00,INT,SAN,3,2,BRA1,Beira-Rio,42300,Referee_3,23
M0982,2020-03-25,17:00,GRE,CAM,2,2,BRA1,Arena do Grêmio,12460,Referee_13,4
M0983,2021-07-28,16:00,FOR,COR,0,2,COPA,Castelão,23611,Referee_10,34
M0984,2020-12-21,17:00,CAM,FLA,5,0,MINE,Mineirão,46123,Referee_18,19
M0985,2021-10-09,19:00,VAS,FOR,3,4,BRA2,São Januário,11275,Referee_20,15
M0986,2023-05-22,19:00,GOI,FOR,2,0,MINE,Serrinha,15860,Referee_17,10
M0987,2020-08-04,19:00,CEA,RBB,1,4,RECB,Castelão,41409,Referee_3,5
M0988,2020-02-25,19:00,CEA,AME,2,1,LIBC,Castelão,59796,Referee_5,38
M0989,2022-06-08,18:00,FLU,ATH,3,0,SUDA,Maracanã,20450,Referee_11,8
M0990,2020-05-18,18:00,CEA,FLU,4,4,MINE,Castelão,59955,Referee_9,29
M0991,2023-02-22,17:00,AME,SAN,0,3,BRA1,Independência,15928,Referee_7,29
M0992,2023-05-23,15:00,FLU,CRU,3,4,BRA2,Maracanã,32464,Referee_9,34
M0993,2022-01-29,17:00,CEA,AME,5,2,BRA2,Castelão,6445,Referee_12,36
M0994,2021-02-07,14:00,FLA,CRU,3,5,COPA,Maracanã,68315,Referee_6,33
M0995,2023-06-23,16:00,SPF,VAS,1,1,BRA2,Morumbi,54630,Referee_17,21
M0996,2021-09-28,21:00,CRU,CAM,5,3,BRA1,Mineirão,16823,Referee_3,20
M0997,2021-08-26,21:00,GOI,CEA,3,0,MINE,Serrinha,5849,Referee_4,18
M0998,2021-09-01,16:00,GOI,SAN,1,2,BRA1,Serrinha,14411,Referee_10,2
M0999,2020-11-04,17:00,VAS,INT,2,3,BRA2,São Januário,20814,Referee_12,35
M1000,2021-03-18,14:00,SAN,VAS,4,2,SUDA,Vila Belmiro,16031,Referee_9,10
